SortKey,Fire_year,Plot_#,Yr_Plot,Subplot_NE/SW,Date,Shrub_1_species,Shrub_1_%cover,Shrub_2_species,Shrub_2_%cover,Shrub_3_species,Shrub_3_%cover,Total_shrub_%cover,Shrubs_Mean_height_m,Shrubs_Max_height_m,Herbs_%cover,Graminoid_%cover,
137,2013,0,2013_0,SW,10/16/2017,none,0,,,,,0,0,0,30,75,
138,2013,0,2013_0,NE,10/16/2017,none,0,,,,,0,0,0,3,0,
311,2014,0,2014_0,S,6/17/2018,none,0,,,,,0,0,0,70,10,
312,2014,0,2014_0,W,6/17/2018,none,0,,,,,0,0,0,30,6,
313,2014,0,2014_0,N,6/17/2018,Salix,8,,,,,8,1,1.3,7,3,
314,2014,0,2014_0,E,6/17/2018,SPBE,10,,,,,10,0.5,5,25,4,
1,2012,1,2012_1,NE,8/23/2016,Salix,1,RIVI,1,,,2,0,0.2,3,1,
2,2012,1,2012_1,SW,8/23/2016,Salix,1,RIVI,1,UNK,1,3,0,0.3,10,1,
139,2013,1,2013_1,NE,10/16/2017,BENE,2,CEVE,1,Ribes,1,4,0.5,0.4,7,30,
140,2013,1,2013_1,SW,10/16/2017,SYAL,4,CEVE,0.4,Ribes,0.3,5,0,0.3,25,5,
141,2013,2,2013_2,NE,10/17/2017,SPBE,2,,,,,2,0,0.2,2,5,
142,2013,2,2013_2,SW,10/17/2017,SPBE,1,,,,,1,0,0.2,3,2,
235,2014,2,2014_2,W,6/6/2018,none,0,,,,,0,0,0,35,10,
236,2014,2,2014_2,N,6/6/2018,none,0,,,,,0,0,0,50,20,
237,2014,2,2014_2,E,6/6/2018,none,0,,,,,0,0,0,30,30,
238,2014,2,2014_2,S,6/6/2018,none,0,,,,,0,0,0,30,10,
143,2013,3,2013_3,NE,10/17/2017,CEVE,8,,,,,8,0,0.3,15,7,
144,2013,3,2013_3,SW,10/17/2017,CEVE,15,,,,,15,0.5,0.5,20,6,
315,2014,4,2014_4,E,6/17/2018,SPBE,0.1,,,,,0.1,0.2,0.2,20,30,
316,2014,4,2014_4,N,6/17/2018,none,0,,,,,0,0,0,10,10,
317,2014,4,2014_4,W,6/17/2018,none,0,,,,,0,0,0,50,10,
318,2014,4,2014_4,S,6/17/2018,none,0,,,,,0,0,0,40,35,
239,2014,7,2014_7,E,6/6/2018,none,0,,,,,0,0,0,30,25,
240,2014,7,2014_7,S,6/6/2018,SARA,5,,,,,5,0.9,0.9,20,25,
241,2014,7,2014_7,W,6/6/2018,none,0,,,,,0,0,0,65,5,
242,2014,7,2014_7,N,6/6/2018,none,0,,,,,0,0,0,60,10,
387,2014,12,2014_12,E,6/28/2018,none,0,,,,,0,0,0,5,2,
388,2014,12,2014_12,S,6/28/2018,ACGL,5,RIVI,2,,,7,0.5,0.5,70,80,
389,2014,12,2014_12,W,6/28/2018,Salix,5,RIVI,5,SPBE,20,30,0.5,0.65,20,30,
390,2014,12,2014_12,N,6/28/2018,Salix,5,SPBE,5,,,10,0.5,0.5,20,20,
395,2014,18,2014_18,N,6/29/2018,CEVE,1,SPBE,1,,,2,0.5,0.55,60,15,
396,2014,18,2014_18,E,6/29/2018,Salix,5,,,,,5,0.4,0.4,65,10,
397,2014,18,2014_18,S,6/29/2018,CEVE,20,SPBE,5,Salix,3,28,0.5,0.95,55,20,
398,2014,18,2014_18,W,6/29/2018,none,0,,,,,0,0,0,20,10,
371,2014,24,2014_24,E,6/20/2018,CEVE,40,AMAL,20,BEAQ,10,70,0.5,0.9,20,10,
372,2014,24,2014_24,N,6/20/2018,AMAL,35,ROGY,20,CEVE,7,62,0.5,1,20,1,
373,2014,24,2014_24,W,6/20/2018,CEVE,20,,,,,20,0.5,1.15,15,2,
374,2014,24,2014_24,S,6/20/2018,SYAL,30,ROGY,15,,,45,0.5,1.2,25,10,
3,2012,32,2012_32,NE,8/31/2016,Salix,8,VASC,1,,,9,0.5,1.1,50,0,
4,2012,32,2012_32,SW,8/31/2016,Salix,6,VASC,1,,,7,0,0.6,20,2,
107,2013,32,2013_32,SW,9/27/2017,none,0,,,,,0,0,0,0,70,
108,2013,32,2013_32,NE,9/27/2017,none,0,,,,,0,0,0,0.3,90,
339,2014,34,2014_34,N,6/18/2018,none,0,,,,,0,0,0,35,55,
340,2014,34,2014_34,E,6/18/2018,CEVE,2,,,,,2,0.5,0.5,45,50,
341,2014,34,2014_34,S,6/18/2018,none,0,,,,,0,0,0,75,4,
342,2014,34,2014_34,W,6/18/2018,none,0,,,,,0,0,0,40,50,
5,2012,35,2012_35,NE,8/23/2016,VASC,14,Salix,5,RIVI,2,21,0,0.9,25,4,
6,2012,35,2012_35,SW,8/23/2016,Salix,6,RIVI,3,VASC,3,12,0.5,1.2,15,10,
271,2014,35,2014_35,N,6/14/2018,none,0,,,,,0,0,0,30,80,
272,2014,35,2014_35,W,6/14/2018,SYAL,1,RICE,1,,,2,0.3,0.5,25,85,
273,2014,35,2014_35,S,6/14/2018,CEVE,1,RICE,1,,,2,0.09,0.1,10,60,
274,2014,35,2014_35,E,6/14/2018,SPBE,15,,,,,15,0.35,0.5,15,85,
255,2014,37,2014_37,S,6/14/2018,Ribes,2,AMAL,2,SPBE,0.1,4,0.5,1.2,25,0,
256,2014,37,2014_37,N,6/14/2018,SYAL,15,Ribes,4,,,20,0.5,0.5,50,25,
257,2014,37,2014_37,W,6/14/2018,SYAL,3,Ribes,1,,,4,0.5,0.8,20,1,
258,2014,37,2014_37,E,6/14/2018,SYAL,10,Ribes,7,AMAL,0.1,17,0.5,0.7,30,30,
263,2014,41,2014_41,E,6/14/2018,SYAL,6,ARTR,20,,,26,0.7,1,15,60,
264,2014,41,2014_41,S,6/14/2018,SYAL,7,AMAL,2,RICE,1,10,0.5,0.6,25,50,
265,2014,41,2014_41,W,6/14/2018,PETR,7,,,,,7,0.7,0.8,35,40,
266,2014,41,2014_41,N,6/14/2018,PETR,10,RICE,5,ARTR,10,25,0.7,1.05,15,25,
105,2013,47,2013_47,SW,9/27/2017,SYAL,65,Rosa,5,,,70,0.5,1.1,25,30,
106,2013,47,2013_47,NE,9/27/2017,SYAL,45,Rosa,5,,,50,0.5,0.8,10,40,
299,2014,55,2014_55,S,6/16/2018,SYAL,2,,,,,2,0.5,0.55,5,20,
300,2014,55,2014_55,W,6/16/2018,BEAQ,5,SYAL,10,,,15,0.5,0.85,20,20,
301,2014,55,2014_55,N,6/16/2018,SYAL,45,,,,,45,0.5,0.9,15,5,
302,2014,55,2014_55,E,6/16/2018,SYAL,80,,,,,80,1,1.2,5,0,
91,2013,57,2013_57,SW,9/25/2017,CEVE,20,APAN,1,,,21,0.5,0.4,50,45,
92,2013,57,2013_57,NE,9/25/2017,CEVE,5,APAN,1,,,6,0.5,0.6,65,70,
95,2013,58,2013_58,NE,9/26/2017,none,0,,,,,0,0,0,3,90,
96,2013,58,2013_58,SW,9/26/2017,none,0,,,,,0,0,0,2,95,
89,2013,59,2013_59,SW,9/25/2017,AMAL,0.1,,,,,0.1,0.5,0.7,30,55,
90,2013,59,2013_59,NE,9/25/2017,RIVI,0.1,Rosa,0.1,Salix,0.1,2,0.5,0.5,65,80,
99,2013,60,2013_60,SW,9/26/2017,Rosa,0.5,,,,,0.5,0.5,0.5,2,80,
100,2013,60,2013_60,NE,9/26/2017,Salix,0.1,,,,,0.1,0.5,0.4,5,60,
97,2013,62,2013_62,NE,9/26/2017,none,0,,,,,0,0,0,2,3,
98,2013,62,2013_62,SW,9/26/2017,none,0,,,,,0,0,0,15,4,
335,2014,65,2014_65,E,6/18/2018,ROWO,22,SPBE,30,,0,50,0.5,0.7,25,8,
336,2014,65,2014_65,N,6/18/2018,Salix,3,ROWO,3,SPBE,1,7,0.2,0.2,30,18,
337,2014,65,2014_65,W,6/18/2018,ROWO,6,SPBE,14,Salix,3,23,0.5,0.7,20,10,
338,2014,65,2014_65,S,6/18/2018,Salix,40,ROWO,8,,0,48,0.5,0.9,30,5,
323,2014,67,2014_67,E,6/17/2018,SPBE,30,AMAL,15,,,45,1,2.8,70,12,
324,2014,67,2014_67,S,6/17/2018,Salix,20,,,,,20,0.5,0.8,70,2,
325,2014,67,2014_67,W,6/17/2018,none,0,,,,,0,0,0,30,10,
326,2014,67,2014_67,N,6/17/2018,RIVI,5,,,,,5,0.2,0.3,50,15,
103,2013,68,2013_68,SW,9/27/2017,Rosa,0.1,,,,,0.1,0.5,0.3,35,85,
104,2013,68,2013_68,NE,9/27/2017,RILA,3,Rosa,0.1,,,3,0.5,0.9,4,65,
101,2013,69,2013_69,SW,9/27/2017,SPBE,0.5,ARTR,0.3,,,0.8,1,1.8,25,35,
102,2013,69,2013_69,NE,9/27/2017,SPBE,15,HODI,2,,,17,0.5,0.8,3,7,
7,2012,70,2012_70,SW,8/15/2016,PAMY,25,Vaccinium,15,Salix,8,50,0.5,1.5,7,8,
8,2012,70,2012_70,NE,8/15/2016,PAMY,30,RIVI,2,Vaccinium,2,34,0.5,0.6,10,15,
93,2013,73,2013_73,SW,9/26/2017,AMAL,0.1,,,,,0.1,0.5,0.4,45,90,
94,2013,73,2013_73,NE,9/26/2017,AMAL,1,HODI,0.1,Rosa,0.1,1,0.5,0.5,15,60,
295,2014,77,2014_77,S,6/16/2018,SYAL,15,RIHU,3,,,18,1,1.1,30,35,
296,2014,77,2014_77,E,6/16/2018,SYAL,8,,,,,8,0.5,0.8,45,70,
297,2014,77,2014_77,N,6/16/2018,SYAL,4,,,,,4,0.5,0.6,45,65,
298,2014,77,2014_77,W,6/16/2018,RIHU,1,SYAL,5,,,0,0.5,0.5,30,50,
275,2014,92,2014_92,N,6/15/2018,none,0,,,,,0,0,0,80,30,
276,2014,92,2014_92,E,6/15/2018,none,0,,,,,0,0,0,20,15,
277,2014,92,2014_92,S,6/15/2018,ARTR,3,,,,,3,0.5,0.5,50,25,
278,2014,92,2014_92,W,6/15/2018,none,0,,,,,0,0,0,60,15,
303,2014,93,2014_93,S,6/16/2018,none,0,,,,,0,0,0,25,0,
304,2014,93,2014_93,W,6/16/2018,Rosa,15,SPBE,5,,,20,0.5,0.6,30,3,
305,2014,93,2014_93,N,6/16/2018,SPBE,35,AMAL,15,,,50,0.5,0.7,30,15,
306,2014,93,2014_93,E,6/16/2018,AMAL,15,SPDE,5,,,20,0.5,0.7,25,0,
259,2014,94,2014_94,S,6/14/2018,SYAL,7,RICE,1,,,8,0.5,0.5,60,5,
260,2014,94,2014_94,W,6/14/2018,SYAL,15,CHNA,1,,,16,0.5,0.6,30,40,
261,2014,94,2014_94,N,6/14/2018,AMAL,20,CHNA,15,,,35,1,1.3,25,20,
262,2014,94,2014_94,E,6/14/2018,AMAL,5,CHNA,1,,,6,0.5,0.9,65,55,
109,2013,96,2013_96,SW,9/28/2017,CEVE ,20,Rosa ,0.3,SYAL ,0.1,20.4,0.5,0.5,7,85,
110,2013,96,2013_96,NE,9/28/2017,CEVE,30,ARTR,0.1,,,30.1,0.5,0.6,5,75,
399,2014,98,2014_98,E,6/29/2018,SYAL,10,AMAL,10,BEAQ,7,27,0.5,0.75,70,10,
400,2014,98,2014_98,S,6/29/2018,SYAL,15,BEAQ,10,,,25,0.5,0.6,35,40,
401,2014,98,2014_98,W,6/29/2018,BEAQ,5,CEVE,2,,,7,0.4,0.4,25,80,
402,2014,98,2014_98,N,6/29/2018,SYAL,15,BEAQ,10,AMAL,5,30,0.5,0.8,55,30,
307,2014,99,2014_99,N,6/16/2018,none,0,,,,,0,0,0,15,15,
308,2014,99,2014_99,E,6/16/2018,none,0,,,,,0,0,0,20,25,
309,2014,99,2014_99,S,6/16/2018,SPBE,35,AMAL,2,,,37,0.5,1,30,20,
310,2014,99,2014_99,W,6/16/2018,SPBE,4,AMAL,1,,,5,0.5,0.4,20,4,
11,2012,100,2012_100,NE,8/25/2016,RIVI,6,VASC,12,SACA,2,20,0,0.8,35,35,
12,2012,100,2012_100,SW,8/25/2016,VASC,9,Salix,1,RIVI,1,11,0,0.3,15,30,
13,2012,102,2012_102,NE,8/29/2016,CEVE,1,,,,,1,0,0.3,60,1,
14,2012,102,2012_102,SW,8/29/2016,PEFR,1,Prunus,1,RIVI,1,2,0,0.2,20,45,
383,2014,110,2014_110,S,6/28/2018,Salix,40,SPDE,15,CEVE,10,70,0.5,0.75,40,20,
384,2014,110,2014_110,W,6/28/2018,Salix,25,SPDE,25,,,50,0.5,0.6,35,10,
385,2014,110,2014_110,N,6/28/2018,Salix,24,CEVE,20,SPDE,3,50,0.5,0.8,30,20,
386,2014,110,2014_110,E,6/28/2018,Salix,20,SPDE,20,CEVE,1,1,0.5,0.95,25,20,
391,2014,113,2014_113,N,6/29/2018,RILA,8,AMAL,5,SOSC,5,18,0.5,0.6,85,15,
392,2014,113,2014_113,E,6/29/2018,Salix,1,,,,,1,0.65,0.65,70,35,
393,2014,113,2014_113,S,6/29/2018,none,0,,,,,0,0,0,30,70,
394,2014,113,2014_113,W,6/29/2018,Salix,3,,,,,3,0.3,0.3,20,30,
17,2012,114,2012_114,NE,8/23/2016,Salix,6,RIVI,1,VASC,1,8,0,0.7,15,2,
18,2012,114,2012_114,SW,8/23/2016,Salix,6,RIVI,3,VASC,3,12,0.5,1,45,8,
319,2014,115,2014_115,N,6/17/2018,CEVE,7,Salix,3,,,10,0.5,0.5,35,25,
320,2014,115,2014_115,E,6/17/2018,SYAL,3,CEVE,2,PEFR,0.1,5,0.5,0.4,50,10,
321,2014,115,2014_115,S,6/17/2018,CEVE,1,,,,,1,0.5,0.25,60,17,
322,2014,115,2014_115,W,6/17/2018,SYAL,25,CEVE,0.1,,,25,0.5,0.75,35,12,
19,2012,124,2012_124,SW,8/30/2016,PEFR,1,,,,,1,0,0.2,8,19,
20,2012,124,2012_124,NE,8/30/2016,ARTR ,1,,,,,1,0,0.2,15,7,
347,2014,125,2014_125,E,6/19/2018,CEVE,30,,,,,30,0.5,0.7,20,80,
348,2014,125,2014_125,N,6/19/2018,CEVE,20,,,,,20,0.5,0.65,20,25,
349,2014,125,2014_125,W,6/19/2018,CEVE,8,,,,,8,0.5,0.85,25,35,
350,2014,125,2014_125,S,6/19/2018,CEVE,5,,,,,5,0.5,0.6,30,70,
21,2012,130,2012_130,NE,8/24/2016,Salix,6,SACA,3,RILA,2,10,1,1.5,90,1,
22,2012,130,2012_130,SW,8/24/2016,RILA,10,RUPA,6,SACA,3,19,0.5,0.9,55,4,
125,2013,130,2013_130,NE,10/5/2017,SARA,4,,,,,4,1,1.1,3,0.1,
126,2013,130,2013_130,SW,10/5/2017,Salix,0.1,SARA,1,Vaccinium,0.1,1.2,0.5,0.6,1,0.1,
127,2013,131,2013_131,SW,10/5/2017,Salix,0.1,,,,,0.1,0,0.2,6,35,
128,2013,131,2013_131,NE,10/5/2017,UNK,0.1,,,,,0.1,0,0.3,3,60,
343,2014,132,2014_132,E,6/19/2018,none,0,,,,,0,0,0,60,50,
344,2014,132,2014_132,S,6/19/2018,AMAL,5,,,,,5,0.5,1.05,65,60,
345,2014,132,2014_132,W,6/19/2018,none,0,,,,,0,0,0,10,90,
346,2014,132,2014_132,N,6/19/2018,none,0,,,,,0,0,0,45,30,
129,2013,134,2013_134,SW,10/5/2017,Ribes,5,RILA,0.1,Salix,0.1,5.2,0,0.3,1,4,
130,2013,134,2013_134,NE,10/5/2017,RILA,2,Salix,2,Ribes,1,5,0,0.5,3,3,
123,2013,138,2013_138,SW,10/5/2017,Salix,10,,,,,10,0.5,0.4,25,4,
124,2013,138,2013_138,NE,10/5/2017,Salix,4,,,,,4,0,0.3,35,40,
119,2013,146,2013_146,SW,10/4/2017,HODI,6,Salix,1,,,7,0.5,0.8,2,70,
120,2013,146,2013_146,NE,10/4/2017,HODI,20,SYAL,15,SPBE,5,70,1,3,5,10,
23,2012,147,2012_147,NE,8/30/2016,PRVI,15,Salix,2,,,15,0.5,0.6,20,4,
24,2012,147,2012_147,SW,8/30/2016,PRVI,15,Salix,8,RIVI,1,25,0.5,1.5,25,1,
25,2012,150,2012_150,NE,9/13/2016,CEVE,1,PRPE ,1,,,2,0,0.1,5,15,
26,2012,150,2012_150,SW,9/13/2016,PRPE,2,PAMY,1,Salix,1,4,0,0.4,7,10,
117,2013,151,2013_151,SW,10/4/2017,CEVE,15,,,,,15,0.5,0.7,25,60,
118,2013,151,2013_151,NE,10/4/2017,CEVE,1,,,,,1,0.5,0.4,35,75,
131,2013,153,2013_153,NE,10/6/2017,CEVE,3,SYAL,1,,,4,0,0.2,5,85,
132,2013,153,2013_153,SW,10/6/2017,CEVE,5,Prunus,2,SYAL,1,6,0,0.4,5,80,
367,2014,156,2014_156,S,6/19/2018,none,0,,,,,0,0,0,40,60,
368,2014,156,2014_156,W,6/19/2018,RICE,5,,,,,5,0.5,0.65,5,5,
369,2014,156,2014_156,N,6/19/2018,none,0,,,,,0,0,0,20,65,
370,2014,156,2014_156,E,6/19/2018,none,0,,,,,0,0,0,20,75,
113,2013,159,2013_159,SW,10/3/2017,CEVE,15,SYAL,0.1,,,15,0.5,0.4,70,25,
114,2013,159,2013_159,NE,10/3/2017,CEVE,15,,,,,15,0.5,0.4,60,50,
283,2014,159,2014_159,N,6/15/2018,Salix,5,SPBE,1,SHCA,3,9,0.5,0.8,20,3,
284,2014,159,2014_159,W,6/15/2018,SPBE,20,Salix,4,,,24,0.5,0.5,15,5,
285,2014,159,2014_159,E,6/15/2018,Salix,5,SPBE,10,,,15,0.5,1.1,25,0,
286,2014,159,2014_159,S,6/15/2018,Salix,6,SPBE,1,,,7,0.5,0.7,35,2,
115,2013,160,2013_160,NE,10/3/2017,none,0,,,,,0,0,0,50,55,
116,2013,160,2013_160,SW,10/3/2017,HODI,1,,,,,1,0.5,0.3,30,75,
111,2013,161,2013_161,SW,10/3/2017,CEVE,9,SYAL,1,,,10,0.5,0.4,45,65,
112,2013,161,2013_161,NE,10/3/2017,CEVE,25,SYAL,0.1,,,25.1,0.5,0.5,35,55,
403,2014,164,2014_164,N,6/29/2018,SPBE,70,AMAL,10,ACGL,5,87,0.5,0.8,30,2,
404,2014,164,2014_164,E,6/29/2018,CEVE,40,SPBE,30,Salix,25,95,0.5,1.95,10,10,
405,2014,164,2014_164,S,6/29/2018,SPBE,70,ACGL,25,CEVE,15,110,0.5,2.8,5,0,
406,2014,164,2014_164,W,6/29/2018,SPBE,30,AMAL,20,CEVE,15,70,1,1.1,5,5,
121,2013,166,2013_166,SW,10/4/2017,none,0,,,,,0,0,0,90,60,
122,2013,166,2013_166,NE,10/4/2017,none,0,,,,,0,0,0,75,85,
407,2014,169,2014_169,E,6/30/2018,SPBE,8,AMAL,4,CEVE,2,14,0.5,0.55,30,2,
408,2014,169,2014_169,S,6/30/2018,CEVE,10,,,,,10,0.5,0.5,85,15,
409,2014,169,2014_169,W,6/30/2018,CEVE,40,AMAL,5,,,45,0.5,0.95,70,10,
410,2014,169,2014_169,N,6/30/2018,CEVE,5,,,,,5,0.2,0.2,45,10,
411,2014,170,2014_170,W,6/30/2018,Salix,30,,,,,30,1.5,3.3,45,35,
412,2014,170,2014_170,N,6/30/2018,Salix,25,,,,,25,0.5,0.7,85,15,
413,2014,170,2014_170,E,6/30/2018,Salix,15,,,,,15,0.5,0.8,90,5,
414,2014,170,2014_170,S,6/30/2018,Salix,5,,,,,5,0.5,0.5,65,30,
279,2014,174,2014_174,E,6/15/2018,SPBE,4,,,,,4,0.5,0.5,30,10,
280,2014,174,2014_174,S,6/15/2018,Salix,7,SPBE,7,,,14,0.5,0.6,45,1,
281,2014,174,2014_174,W,6/15/2018,SPBE,20,SHCA,3,Salix,15,38,0.5,0.6,50,5,
282,2014,174,2014_174,N,6/15/2018,AMAL,2,SHCA,2,SPBE,7,11,0.5,0.4,35,3,
287,2014,175,2014_175,S,6/15/2018,SPBE,20,,,,,20,0.3,0.4,30,25,
288,2014,175,2014_175,N,6/15/2018,SPBE,30,PAMY,15,,,45,0.2,0.45,25,15,
289,2014,175,2014_175,W,6/15/2018,Salix,15,SPBE,10,,,25,0.4,0.7,15,5,
290,2014,175,2014_175,E,6/15/2018,SPBE,10,SHCA,10,,,20,0.2,0.4,25,2,
231,2014,177,2014_177,W,6/5/2018,none,0,,,,,0,0,0,45,60,
232,2014,177,2014_177,N,6/5/2018,ROGY,0.1,SYAL,0.1,AMAL,0.1,1,0.5,0.2,30,60,
233,2014,177,2014_177,E,6/5/2018,none,0,,,,,0,0,0,25,50,
234,2014,177,2014_177,S,6/5/2018,none,0,,,,,0,0,0,25,45,
247,2014,183,2014_183,E,6/7/2018,HODI,1,SARA,5,UNK,1,7,0.4,1,15,25,
248,2014,183,2014_183,S,6/7/2018,SYAL,2,UNK,20,SARA,10,33,0.7,1.4,30,15,
249,2014,183,2014_183,W,6/7/2018,UNK,10,,,,,10,0.3,0.5,15,60,
250,2014,183,2014_183,N,6/7/2018,SARA,5,BEAQ,5,RULE,4,17,0.8,1.1,15,8,
327,2014,188,2014_188,E,6/18/2018,CEVE,8,,,,,8,0.5,0.45,35,4,
328,2014,188,2014_188,S,6/18/2018,CEVE,30,,,,,30,1,1,30,3,
329,2014,188,2014_188,W,6/18/2018,CEVE,15,,,,,15,0.5,0.6,22,6,
330,2014,188,2014_188,N,6/18/2018,AMAL,5,,,,,5,1,1.2,40,15,
375,2014,190,2014_190,N,6/28/2018,Salix,20,CEVE,15,,,35,0.5,0.8,75,20,
376,2014,190,2014_190,E,6/28/2018,Salix,15,SPDE,15,CEVE,5,35,0.5,1.3,40,45,
377,2014,190,2014_190,S,6/28/2018,Salix,30,CEVE,5,,,35,0.5,1.1,55,35,
378,2014,190,2014_190,W,6/28/2018,CEVE,35,Salix,7,,,42,0.5,0.8,40,60,
27,2012,212,2012_212,,8/25/2016,RIVI,4,CHUM,1,,,5,0,0.5,6,7,
28,2012,212,2012_212,,8/25/2016,RIVI,10,SACA,1,Salix ,1,12,0.5,0.9,15,1,
379,2014,217,2014_217,S,6/28/2018,Salix,70,,,,,70,0.5,0.75,10,0,
380,2014,217,2014_217,W,6/28/2018,Salix,85,,,,,85,0.5,0.95,15,0,
381,2014,217,2014_217,N,6/28/2018,Salix,80,,,,,80,0.5,0.9,0,0,
382,2014,217,2014_217,E,6/28/2018,Salix,80,,,,,80,0.5,0.95,15,0,
29,2012,227,2012_227,SW,8/16/2016,Salix,5,Ribes,3,HODI,1,9,0.5,1.3,50,2,
30,2012,227,2012_227,NE,8/16/2016,Ribes,2,,,,,2,0.5,0.4,3,8,
31,2012,232,2012_232,NE,8/16/2016,Salix,7,RILA,1,Ribes ,4,12,0.5,0.7,45,30,
32,2012,232,2012_232,SW,8/16/2016,Ribes,40,Salix,5,SACA,1,46,0.5,0.9,30,2,
33,2012,239,2012_239,SW,9/15/2016,none,0,,,,,0,0,0,45,35,
34,2012,239,2012_239,NE,9/15/2016,PAMY,1,,,,,1,0,0.2,35,20,
35,2012,242,2012_242,SW,9/12/2016,PAMY,10,VASC,8,,,18,0,0.5,35,1,
36,2012,242,2012_242,NE,9/12/2016,VASC,10,PAMY,4,,,14,0,0.4,25,40,
291,2014,250,2014_250,N,6/16/2018,SYAL,10,RILA,3,,,13,0.5,0.95,50,4,
292,2014,250,2014_250,E,6/16/2018,SYAL,9,,,,,9,0.5,0.8,80,5,
293,2014,250,2014_250,S,6/16/2018,SYAL,6,,,,,6,1,1,25,80,
294,2014,250,2014_250,W,6/16/2018,SYAL,15,,,,,15,0.5,0.7,20,75,
363,2014,254,2014_254,N,6/19/2018,AMAL,1,CEVE,5,RICE,3,9,0.5,0.5,25,40,
364,2014,254,2014_254,E,6/19/2018,Salix,45,AMAL,25,CEVE,5,70,1,2.4,40,60,
365,2014,254,2014_254,S,6/19/2018,Salix,2,SYAL,1,RICE,1,4,0.5,0.45,50,75,
366,2014,254,2014_254,W,6/19/2018,none,0,,,,,0,0,0,35,65,
243,2014,259,2014_259,W,6/6/2018,RULE,30,SARA,20,RICE,10,70,0.7,1,35,15,
244,2014,259,2014_259,N,6/6/2018,AMAL,25,SARA,25,BEAQ,15,65,1.5,2,15,10,
245,2014,259,2014_259,E,6/6/2018,none,0,,,,,0,0,0,5,5,
246,2014,259,2014_259,S,6/6/2018,SARA,25,AMAL,20,,,45,1.6,2.5,40,50,
359,2014,260,2014_260,N,6/19/2018,none,0,,,,,0,0,0,30,0,
360,2014,260,2014_260,E,6/19/2018,CEVE,9,,,,,9,0.5,0.6,30,15,
361,2014,260,2014_260,S,6/19/2018,none,0,,,,,0,0,0,45,15,
362,2014,260,2014_260,W,6/19/2018,none,0,,,,,0,0,0,50,8,
355,2014,264,2014_264,E,6/19/2018,CEVE,30,RICE,5,,,35,0.5,0.7,75,20,
356,2014,264,2014_264,S,6/19/2018,CEVE,40,,,,,40,0.5,0.5,70,15,
357,2014,264,2014_264,W,6/19/2018,CEVE,50,,,,,50,0.5,0.7,20,20,
358,2014,264,2014_264,N,6/19/2018,CEVE,50,,,,,0,0.5,0.6,30,22,
351,2014,270,2014_270,N,6/19/2018,CEVE,4,,,,,4,0.25,0.25,35,6,
352,2014,270,2014_270,E,6/19/2018,CEVE,5,,,,,5,0.3,0.3,50,1,
353,2014,270,2014_270,S,6/19/2018,CEVE,55,Salix,12,,,67,1,1.6,30,0,
354,2014,270,2014_270,W,6/19/2018,Salix,10,CEVE,4,,,14,1,1.4,60,10,
37,2012,277,2012_277,SW,8/24/2016,none,0,,,,,0,0,0,5,20,
38,2012,277,2012_277,SW,8/24/2016,PRPE,1,,,,,1,0,0.2,3,60,
227,2014,285,2014_285,S,6/5/2018,RULE,1,CEVE,1,,,2,0.5,0.2,60,10,
228,2014,285,2014_285,W,6/5/2018,ROGY,8,,,,,8,0.5,0.5,75,20,
229,2014,285,2014_285,N,6/5/2018,RULE,0.1,SPBE,1,PRPE,3,4,0.5,0.9,20,25,
230,2014,285,2014_285,E,6/5/2018,ROGY,2,,,,,2,0.5,0.6,20,40,
41,2012,286,2012_286,NE,9/13/2016,none,0,,,,,0,0,0,0,2,
42,2012,286,2012_286,SW,9/13/2016,PAMY,2,CEVE,1,,,3,0,0.3,3,15,
155,2012,287,2012_287,NE,10/24/2017,CEVE,5,Salix,4,,,9,0.5,1.6,25,45,
156,2012,287,2012_287,SW,10/24/2017,Salix,10,SPBE,3,CEVE,1,14,0.5,0.7,10,20,
153,2012,294,2012_294,NE,10/24/2017,ACGL,20,SYAL,5,HODI,3,30,1.5,3,20,15,
154,2012,294,2012_294,SW,10/24/2017,SYAL,25,Salix,15,HODI,10,50,0.5,1,30,1,
331,2014,300,2014_300,W,6/18/2018,none,0,,,,,0,0,0,95,7,
332,2014,300,2014_300,N,6/18/2018,none,0,,,,,0,0,0,80,12,
333,2014,300,2014_300,E,6/18/2018,none,0,,,,,0,0,0,85,30,
334,2014,300,2014_300,S,6/18/2018,none,0,,,,,0,0,0,90,25,
51,2012,306,2012_306,SW,8/23/2016,Rosa,8,PUTR,1,,,9,0.5,0.9,20,60,
52,2012,306,2012_306,NE,8/23/2016,BEAQ,30,PUTR,5,Rosa,3,38,0.5,1,6,40,
157,2012,313,2012_313,NE,10/25/2017,SPBE,4,AMAL,1,,,5,0.5,0.9,20,90,
158,2012,313,2012_313,SW,10/25/2017,SPBE,7,AMAL,3,,,10,0.5,0.6,20,70,
423,2014,320,2014_320,N,7/2/2018,CEVE,5,,,,,5,0.4,0.4,50,3,
424,2014,320,2014_320,E,7/2/2018,CEVE,7,,,,,7,0.3,0.45,70,15,
425,2014,320,2014_320,S,7/2/2018,ROGY,20,BEAQ,12,SPBE,8,45,0.5,0.85,35,70,
426,2014,320,2014_320,W,7/2/2018,CEVE,8,SPBE,5,,,13,0.2,0.25,45,20,
435,2014,322,2014_322,N,7/2/2018,SPBE,20,,,,,20,0.2,0.3,40,0,
436,2014,322,2014_322,E,7/2/2018,Salix,15,SPBE,10,,,25,0.3,0.4,75,0,
437,2014,322,2014_322,S,7/2/2018,SPBE,10,,,,,10,0.4,0.4,35,0,
438,2014,322,2014_322,W,7/2/2018,Salix,2,,,,,2,0.15,0.15,2,0,
45,2012,323,2012_323,NE,9/14/2016,RILA,3,Salix,1,Rosa,1,5,0.5,0.7,10,1,
46,2012,323,2012_323,SW,9/14/2016,Salix,60,Rosa,2,CEVE,1,65,0.5,1.2,5,0,
439,2014,325,2014_325,N,7/2/2018,Salix,8,SPBE,3,,,11,0.2,0.2,35,5,
440,2014,325,2014_325,W,7/2/2018,Salix,15,,,,,15,0.3,0.45,20,0,
441,2014,325,2014_325,S,7/2/2018,SPBE,10,,,,,10,0.2,0.3,20,0,
442,2014,325,2014_325,E,7/2/2018,SPBE,8,,,,,8,0.1,0.15,25,65,
135,2012,341,2012_341,SW,10/12/2017,SYAL,20,CEVE,9,AMAL,5,35,1,2.4,15,75,
136,2012,341,2012_341,NE,10/12/2017,COCO,35,SARA,10,SPBE,10,50,1.5,3,15,25,
415,2014,344,2014_344,S,7/1/2018,CEVE,15,SPBE,10,ROGY,5,3,0.5,0.7,40,0,
416,2014,344,2014_344,W,7/1/2018,ROGY,5,Salix,5,SPBE,5,15,0.5,0.8,25,0,
417,2014,344,2014_344,N,7/1/2018,Salix,20,CEVE,15,SPBE,8,43,0.5,0.85,15,0,
418,2014,344,2014_344,E,7/1/2018,Salix,25,SPBE,15,CEVE,5,50,0.5,0.7,25,0,
427,2014,349,2014_349,N,7/2/2018,SPBE,10,,,,,10,0.3,0.45,5,3,
428,2014,349,2014_349,E,7/2/2018,Salix,10,SPBE,10,CEVE,2,22,0.5,0.6,25,5,
429,2014,349,2014_349,S,7/2/2018,Salix,20,RUPA,5,,,25,0.5,0.75,65,15,
430,2014,349,2014_349,W,7/2/2018,SPBE,20,Salix,8,RUPA,5,33,0.3,0.4,30,30,
419,2014,350,2014_350,S,7/1/2018,SPBE,5,,,,,5,0.2,0.25,15,0,
420,2014,350,2014_350,W,7/1/2018,SPBE,3,,,,,3,0.3,0.3,10,0,
421,2014,350,2014_350,N,7/1/2018,CEVE,80,Salix,5,,,85,0.5,1.8,20,5,
422,2014,350,2014_350,E,7/1/2018,Salix,30,CEVE,20,SPBE,15,65,0.5,0.9,40,0,
47,2012,354,2012_354,SW,8/23/2016,Rosa,2,CEVE,1,Salix,1,4,0,0.6,15,25,
48,2012,354,2012_354,NE,8/23/2016,Spirea,2,Rosa,1,CEVE,1,3,0.5,0.9,8,65,
49,2012,357,2012_357,SW,8/9/2016,COCO,4,SYAL,2,AMAL,1,7,0.5,1.3,15,25,
50,2012,357,2012_357,NE,8/9/2016,COCO,15,SYAL,20,Rosa,4,39,1,2.4,1,50,
53,2012,361,2012_361,NE,8/22/2016,PRVI,15,Spirea,1,VASC,1,16,0,0.2,3,5,
54,2012,361,2012_361,SW,8/22/2016,PRVI,6,VASC,1,CHUM,1,8,0,0.2,2,3,
55,2012,379,2012_379,NE,9/15/2016,Rosa,20,BEAQ,6,Spirea,8,25,0.5,0.9,5,8,
56,2012,379,2012_379,SW,9/15/2016,Salix,10,CEVE,15,BEAQ,3,30,1,2.3,23,30,
57,2012,390,2012_390,SW,9/13/2016,Salix,40,,,,,40,1,1.7,75,0,
58,2012,390,2012_390,NE,9/13/2016,Salix,30,HODI,1,Rosa,1,35,0.5,1.3,80,1,
59,2012,392,2012_392,NE,8/22/2016,VASC,4,SYAL,3,LOUT,1,8,0,0.5,1,25,
60,2012,392,2012_392,SW,8/22/2016,PRVI,3,PAMY,2,SYAL,2,7,0,0.2,1,40,
145,2012,396,2012_396,NE,10/18/2017,ACGL,6,Salix,2,,,8,0.5,0.7,20,0.1,
146,2012,396,2012_396,SW,10/18/2017,HODI,10,SPBE,4,Rosa,3,20,0.5,1.4,35,2,
61,2012,402,2012_402,SW,9/14/2016,Salix,20,Ribes,5,HODI,2,30,0.5,1,25,20,
62,2012,402,2012_402,NE,9/14/2016,RULE,5,Salix,15,Ribes,5,30,1,1.3,15,20,
63,2012,403,2012_403,SW,8/24/2016,Salix,80,SYAL,5,,,83,5,5.8,8,6,
64,2012,403,2012_403,NE,8/24/2016,Salix,30,SYAL,2,,,35,4,6.1,45,50,
65,2012,416,2012_416,SW,9/14/2016,HODI,20,PAMY,2,Prunus,1,23,1,2.1,5,25,
66,2012,416,2012_416,NE,9/14/2016,Prunus,2,PAMY,3,,,0,,0.3,7,15,
69,2012,419,2012_419,NE,9/14/2016,Rosa,4,CEVE,2,Spirea,1,7,0.5,0.7,3,10,
70,2012,419,2012_419,SW,9/14/2016,Salix,7,Rosa,2,Spirea,1,10,0.5,1.2,6,10,
147,2012,423,2012_423,NE,10/18/2017,Salix,35,BENE,5,,,40,1,1.1,75,0,
148,2012,423,2012_423,SW,10/18/2017,Salix,60,BENE,2,,,60,1.5,2,70,0,
149,2012,428,2012_428,NE,10/19/2017,Vaccinium,20,SPBE,15,BENE,4,35,0.5,0.9,15,0,
150,2012,428,2012_428,SW,10/19/2017,BENE,10,Vaccinium,8,SPBE,7,25,0.5,0.6,6,0,
73,2012,444,2012_444,NE,8/30/2016,Salix,85,,,,,85,0.5,1.1,6,0,
74,2012,444,2012_444,SW,8/30/2016,Salix,75,RIVI,1,RUPA,1,76,1,1.5,7,1,
75,2012,447,2012_447,NE,9/15/2016,RUPA,50,Salix,2,,,55,0.5,0.8,15,1,
76,2012,447,2012_447,SW,9/15/2016,Salix,45,RUPA,30,,,65,1.5,2.4,7,1,
79,2012,458,2012_458,NE,8/30/2016,SACA,8,Salix,2,,,10,0.5,1.3,15,9,
80,2012,458,2012_458,SW,8/30/2016,VASC,10,Salix,2,RIVI,2,15,0,0.8,8,4,
81,2012,459,2012_459,NE,8/30/2016,none,0,,,,,0,0,0,0,0,
82,2012,459,2012_459,SW,8/30/2016,none,0,,,,,0,0,0,4,4,
83,2012,471,2012_471,SW,8/16/2016,Salix,1,PAMY,1,HODI,1,3,0,0.3,4,3,
84,2012,471,2012_471,NE,8/16/2016,RUPA,1,Rosa,1,Salix,1,3,0,0.3,20,7,
85,2012,502,2012_502,SW,8/22/2016,Prunus,1,,,,,1,0,0.2,1,90,
86,2012,502,2012_502,NE,8/22/2016,Prunus,1,,,,,1,0,0.1,1,80,
87,2012,509,2012_509,NE,8/16/2016,Salix,1,Salix,1,,,1,0,0.2,25,65,
88,2012,509,2012_509,SW,8/16/2016,BEAQ,2,Salix,3,SPBE,1,6,0,0.4,5,25,
151,2012,526,2012_526,SW,10/23/2017,Rosa,3,CEVE,2,,,5,0.5,0.7,1,0,
152,2012,526,2012_526,NE,10/23/2017,Salix,15,CEVE,3,RUPA,2,20,2,3.2,30,0,
133,2012,545,2012_545,NE,10/11/2017,HODI,15,SPBE,3,Salix,2,20,0.5,0.7,6,1,
134,2012,545,2012_545,SW,10/11/2017,Salix,25,HODI,25,Rosa,2,50,0.5,1.2,75,15,
179,2012,634,2012_634,E,8/24/2018,RIVI,25,SARA,3,,,28,0.5,0.75,75,5,
180,2012,634,2012_634,S,8/24/2018,RUPA,10,,,,,10,0.5,0.65,80,5,
181,2012,634,2012_634,W,8/24/2018,none,0,,,,,0,0,0,30,2,
182,2012,634,2012_634,N,8/24/2018,SARA,10,RICE,5,,,15,0.5,0.9,70,0,
183,2012,638,2012_638,E,8/25/2018,RIVI,5,,,,,5,0,0.4,20,3,
184,2012,638,2012_638,N,8/25/2018,ACGL,20,,,,,20,4,5.8,75,5,
185,2012,638,2012_638,W,8/25/2018,RUPA,5,,,,,5,0,0.5,60,10,
186,2012,638,2012_638,S,8/25/2018,RIVI,25,SARA,5,,,30,0.5,0.8,35,5,
171,2012,686,2012_686,N,8/24/2018,Salix,70,,,,,70,1,1.2,10,15,
172,2012,686,2012_686,E,8/24/2018,Salix,40,RICE,10,ROGY,8,60,1,1.65,35,3,
173,2012,686,2012_686,S,8/24/2018,Salix,65,,,,,65,1,2,10,2,
174,2012,686,2012_686,W,8/24/2018,Salix,20,,,,,20,0,0.55,20,1,
191,2012,689,2012_689,N,8/25/2018,Salix,80,,,,,80,0.5,1.4,30,0,
192,2012,689,2012_689,E,8/25/2018,Salix,65,RIVI,2,,,67,0.5,1.3,35,20,
193,2012,689,2012_689,S,8/25/2018,Salix,35,RIVI,20,,,55,0.5,1,20,8,
194,2012,689,2012_689,W,8/25/2018,Salix,25,,,,,25,0.5,1,25,15,
163,2012,695,2012_695,E,8/23/2018,Salix,20,SYAL,15,HODI,8,43,0.5,0.9,20,70,
164,2012,695,2012_695,S,8/23/2018,Salix,25,HODI,15,SPBE,10,55,0,0.55,15,8,
165,2012,695,2012_695,W,8/23/2018,Salix,55,RUPU,10,HODI,5,70,0.5,1.6,10,50,
166,2012,695,2012_695,N,8/23/2018,Salix,45,SPBE,10,,,55,0.5,0.7,20,40,
175,2012,696,2012_696,W,8/24/2018,BEAQ,15,,,,,15,0,0.3,20,35,
176,2012,696,2012_696,N,8/24/2018,SPBE,75,BEAQ,2,,,77,0,0.6,5,10,
177,2012,696,2012_696,E,8/24/2018,SPBE,40,ROGY,10,SYAL,5,55,0.5,0.65,5,40,
178,2012,696,2012_696,S,8/24/2018,AMAL,5,,,,,5,0.5,0.5,2,30,
167,2012,697,2012_697,N,8/23/2018,ROGY,15,,,,,15,0.5,0.7,35,75,
168,2012,697,2012_697,E,8/23/2018,ROGY,10,SPBE,5,,,15,0,0.6,20,70,
169,2012,697,2012_697,S,8/23/2018,BEAQ,20,,,,,20,0,0.3,40,55,
170,2012,697,2012_697,W,8/23/2018,Salix,30,ROGY,5,,,35,0.5,0.8,40,45,
187,2012,699,2012_699,N,8/25/2018,Salix,30,SPBE,5,ROGY,2,37,0.5,1.5,25,1,
188,2012,699,2012_699,E,8/25/2018,none,0,,,,,0,0,0,1,15,
189,2012,699,2012_699,S,8/25/2018,HODI,15,Salix,10,BEAQ,3,28,0.5,1.55,55,10,
190,2012,699,2012_699,W,8/25/2018,BEAQ,6,SPBE,4,,,10,0,0.3,5,8,
159,2012,702,2012_702,N,8/23/2018,ROWO,5,,,,,5,0,0.35,40,70,
160,2012,702,2012_702,E,8/23/2018,ROGY,10,AMAL,7,BEAQ,5,22,0,0.55,20,5,
161,2012,702,2012_702,S,8/23/2018,ROGY,10,VAOV,10,,,20,0,0.6,10,30,
162,2012,702,2012_702,W,8/23/2018,none,0,,,,,0,0,0,45,50,
215,2012,709,2012_709,N,8/29/2018,none,0,,,,,0,0,0,35,5,
216,2012,709,2012_709,E,8/29/2018,none,0,,,,,0,0,0,25,5,
217,2012,709,2012_709,S,8/29/2018,none,0,,,,,0,0,0,20,15,
218,2012,709,2012_709,W,8/29/2018,Salix,20,RICE,10,SARA,2,32,0.5,0.9,30,20,
211,2012,725,2012_725,N,8/29/2018,Salix,80,RIVI,10,,,90,1,1.8,10,5,
212,2012,725,2012_725,E,8/29/2018,RIVI,10,Salix,5,,,15,0,0.3,15,5,
213,2012,725,2012_725,S,8/29/2018,Salix,75,,,,,75,0.5,1.2,10,3,
214,2012,725,2012_725,W,8/29/2018,Salix,85,,,,,85,1,1.75,15,2,
219,2012,730,2012_730,N,8/30/2018,SPBE,35,ROGY,15,Salix,8,58,1,1.3,10,35,
220,2012,730,2012_730,E,8/30/2018,RICE,30,RUPU,25,,,55,1,1.9,20,0,
221,2012,730,2012_730,S,8/30/2018,Salix,25,RICE,15,ROGY,10,55,1,1.4,10,30,
222,2012,730,2012_730,W,8/30/2018,Salix,20,RICE,5,,,25,0,0.6,5,0,
203,2012,737,2012_737,N,8/28/2018,ROGY,25,Salix,20,RICE,10,55,1,1.6,35,5,
204,2012,737,2012_737,E,8/28/2018,Salix,40,RICE,10,RUPU,2,52,1,1.95,75,10,
205,2012,737,2012_737,S,8/28/2018,Salix,10,,,,,10,0.5,0.8,70,8,
206,2012,737,2012_737,W,8/28/2018,ROGY,15,Salix,10,RIVI,5,30,1,1.5,65,5,
199,2012,740,2012_740,N,8/28/2018,none,0,,,,,0,0,0,20,90,
200,2012,740,2012_740,E,8/28/2018,none,0,,,,,0,0,0,15,95,
201,2012,740,2012_740,S,8/28/2018,none,0,,,,,0,0,0,5,100,
202,2012,740,2012_740,W,8/28/2018,none,0,,,,,0,0,0,20,90,
195,2012,800,2012_800,W,8/28/2018,CEVE,15,SPBE,8,RIVI,3,26,0.5,0.6,35,30,
196,2012,800,2012_800,N,8/28/2018,Salix,10,CEVE,1,,,11,1,1.7,30,5,
197,2012,800,2012_800,E,8/28/2018,CEVE,40,Salix,25,,,65,0.5,1.1,20,3,
198,2012,800,2012_800,S,8/28/2018,CEVE,70,,,,,70,1,1.2,25,5,
207,2012,801,2012_801,S,8/29/2018,SYAL,50,BEAQ,20,,,70,0.5,0.85,30,5,
208,2012,801,2012_801,W,8/29/2018,SARA,8,Salix,5,,,13,0.5,0.65,20,35,
209,2012,801,2012_801,N,8/29/2018,SYAL,45,,,,,45,0.5,0.9,40,5,
210,2012,801,2012_801,E,8/29/2018,Salix,8,BEAQ,3,,,11,0.5,1.1,75,5,
211,2012,432,2012_432,NE,8/17/2016,RILA,1,,,,,1,0,0.7,1,1,
212,2012,432,2012_432,SW,8/17/2016,Salix,1,CEVE,1,,,1,0,0.9,2,1,
213,2012,370,2012_370,NE,8/17/2016,Salix,4,CEVE,2,SPBE,1,5,0,0.5,1,10,
214,2012,370,2012_370,SW,8/17/2016,CEVE,20,Salix,4,SPBE,1,25,0.5,0.8,1,15,
215,2012,454,2012_454,SW,8/18/2016,Salix,6,RILA,1,,,7,0.5,0.7,15,4,
216,2012,454,2012_454,NE,8/18/2016,Salix,4,RILA,1,,,5,0,0.7,7,3,
217,2013,628,2013_628,W,7/12/2018,RIVI,8,RICE,5,Salix,3,16,0.5,0.5,2,5,
218,2013,628,2013_628,N,7/12/2018,RILA,8,Salix,5,,,13,0.5,0.7,60,30,
219,2013,628,2013_628,E,7/12/2018,RUPA,5,RICE,3,Salix,3,11,0.5,0.85,20,15,
220,2013,628,2013_628,S,7/12/2018,none,0,,,,,0,0,0,45,60,
221,2013,627,2013_627,S,7/12/2018,Salix,30,RIVI,10,,,40,0.5,0.5,40,25,
222,2013,627,2013_627,W,7/12/2018,Salix,20,,,,,20,0.35,0.4,35,30,
223,2013,627,2013_627,N,7/12/2018,Salix,20,RIVI,10,RICE,5,35,0.5,0.6,15,15,
224,2013,627,2013_627,E,7/12/2018,RIVI,20,Salix,15,RICE,6,41,0.5,0.75,30,65,
225,2013,630,2013_630,W,7/13/2018,RIVI,20,Salix,15,,,35,0.5,0.9,10,5,
226,2013,630,2013_630,N,7/13/2018,Salix,8,,,,,8,0.3,0.4,0,0,
227,2013,630,2013_630,E,7/13/2018,RIVI,5,,,,,5,0.5,0.65,3,1,
228,2013,630,2013_630,S,7/13/2018,Salix,30,RIVI,15,,,45,1,1.25,80,5,
229,2012,608,2012_608,E,7/14/2018,VAOV,40,Salix,25,BEAQ,15,85,0.5,0.95,5,15,
230,2012,608,2012_608,S,7/14/2018,VAOV,75,BEAQ,10,Salix,5,90,0.5,1.2,15,20,
231,2012,608,2012_608,W,7/14/2018,VAOV,20,ROGY,15,BEAQ,5,40,0.5,0.9,35,20,
232,2012,608,2012_608,N,7/14/2018,Salix,40,VAOV,10,BEAQ,10,75,1,2.25,5,10,
233,2012,615,2012_615,N,7/14/2018,VAOC,15,BEAQ,10,,,25,0.3,0.3,10,0,
234,2012,615,2012_615,E,7/14/2018,BEAQ,10,,,,,10,0.3,0.3,15,0,
235,2012,615,2012_615,S,7/14/2018,RUPA,20,BEAQ,15,ROGY,5,40,0.5,0.9,20,0,
236,2012,615,2012_615,W,7/14/2018,Salix,25,BEAQ,10,,,35,1,3.8,1,0,
237,2012,622,2012_622,W,7/15/2018,CEVE,24,Salix,15,SPBE,15,55,0.5,1,20,0,
238,2012,622,2012_622,N,7/15/2018,Salix,30,BEAQ,15,CEVE,5,50,1,1.6,55,0,
239,2012,622,2012_622,E,7/15/2018,RUPA,25,Salix,15,BEAQ,5,45,0.5,1,20,0,
240,2012,622,2012_622,S,7/15/2018,BEAQ,20,SPBE,5,Salix,5,30,0.5,0.9,45,0,
241,2012,620,2012_620,E,7/15/2018,BEAQ,30,SPBE,15,VAOV,5,50,0.5,0.65,5,5,
242,2012,620,2012_620,S,7/15/2018,SPBE,15,BEAQ,15,VAOV,4,40,0.5,0.55,8,5,
243,2012,620,2012_620,W,7/15/2018,RUPA,25,BEAQ,20,,,45,0.5,0.9,10,0,
244,2012,620,2012_620,N,7/15/2018,BEAQ,20,VAOV,15,SPBE,10,50,0.5,0.75,2,0,
245,2012,626,2012_626,S,7/16/2018,Salix,50,RIVE,7,,,57,1.5,2.05,20,0,
246,2012,626,2012_626,W,7/16/2018,CEVE,3,Salix,8,Rosa,4,18,0.5,0.9,35,0,
247,2012,626,2012_626,N,7/16/2018,Salix,22,CEVE,4,Rosa,3,29,0.5,1.4,25,0,
248,2012,626,2012_626,E,7/16/2018,Salix,25,,,,,25,1,1.1,30,0,
249,2012,604,2012_604,S,7/16/2018,Salix,18,CEVE,5,RIVE,3,26,1,1.4,15,0,
250,2012,604,2012_604,N,7/16/2018,Salix,22,Rosa,0.1,,,22,1,1.6,17,3,
251,2012,604,2012_604,W,7/16/2018,Salix,6,CEVE,4,RIVE,3,16,0.25,0.3,10,2,
252,2012,604,2012_604,E,7/16/2018,Salix,6,Rosa,7,CEVE,9,25,0.5,0.85,20,5,
253,2012,610,2012_610,S,7/17/2018,SPBE,2,,,,,2,0.25,0.25,12,7,
254,2012,610,2012_610,N,7/17/2018,Rosa,17,AMAL,4,,,21,0.5,0.9,15,12,
255,2012,610,2012_610,W,7/17/2018,Rosa,10,SPBE,2,,,12,0.5,0.7,15,8,
256,2012,610,2012_610,E,7/17/2018,Salix,20,SPBE,12,Rosa,8,40,1,3.4,32,15,
257,2012,609,2012_609,S,7/17/2018,Salix,6,,,,,6,0.96,0.5,10,6,
258,2012,609,2012_609,N,7/17/2018,Salix,3,,,,,3,0.5,0.58,35,15,
259,2012,609,2012_609,W,7/17/2018,RILA,4,Salix,5,,,8,0.5,0.75,60,15,
260,2012,609,2012_609,E,7/17/2018,Salix,3,,,RILA,2,5,0.5,0.51,45,10,
261,2012,624,2012_624,S,7/18/2018,Salix,4,,,,,4,0.35,0.44,10,0,
262,2012,624,2012_624,N,7/18/2018,SPBE,3,CEVE,8,Salix,9,20,0.5,0.95,55,0,
263,2012,624,2012_624,W,7/18/2018,Salix,12,CEVE,3,SPBE,3,20,0.5,0.96,35,4,
264,2012,624,2012_624,E,7/18/2018,Salix,25,CEVE,3,SPBE,4,32,0.5,0.8,20,2,
265,2012,607,2012_607,S,7/18/2018,Rosa,10,RUPA,6,SPBE,6,25,0.5,1.16,40,0,
266,2012,607,2012_607,N,7/18/2018,Salix,7,Rosa,15,SPBE,2,29,0.5,0.71,15,3,
267,2012,607,2012_607,W,7/18/2018,Rosa,15,RUPA,8,SPBE,8,35,1,1.38,25,0,
268,2012,607,2012_607,E,7/18/2018,Salix,0.1,SPBE,2,,,2,0.25,0.45,10,1,
269,2012,612,2012_612,S,7/19/2018,Rosa,4,APAN,7,CEVE,0.1,11,0.25,0.25,5,0,
270,2012,612,2012_612,N,7/19/2018,Salix,12,APAN,3,,,15,0.5,1.1,6,0,
271,2012,612,2012_612,W,7/19/2018,APAN,5,SPBE,0.1,,,5,0.25,0.4,8,0.1,
272,2012,612,2012_612,E,7/19/2018,Salix,10,CEVE,2,APAN,2,15,0.5,0.67,5,0,
273,2012,616,2012_616,W,7/26/2018,Salix,45,,,,,45,1,1.65,50,0,
274,2012,616,2012_616,N,7/26/2018,Salix,30,BEAQ,5,,,35,0.5,1.35,70,0,
275,2012,616,2012_616,E,7/26/2018,Salix,20,BEAQ,3,,,23,0.5,0.9,30,0,
276,2012,616,2012_616,S,7/26/2018,UNK,40,Salix,10,,,50,1,2.2,10,0,
277,2012,602,2012_602,N,7/27/2018,Salix,40,BEAQ,10,,,50,0.5,1.35,50,0,
278,2012,602,2012_602,E,7/27/2018,Salix,30,RUPA,15,BEAQ,5,50,1,1.6,60,0,
279,2012,602,2012_602,S,7/27/2018,Salix,60,,,,,60,1,2.7,40,0,
280,2012,602,2012_602,W,7/27/2018,Salix,40,,,,,40,0.5,0.85,30,0,
281,2012,600,2012_600,W,7/27/2018,Salix,35,CEVE,20,ROGY,10,65,0.5,1.85,20,0,
282,2012,600,2012_600,N,7/27/2018,Salix,60,CEVE,10,,,70,1,2.3,25,0,
283,2012,600,2012_600,E,7/27/2018,Salix,65,CEVE,15,,,80,1,1.95,20,0,
284,2012,600,2012_600,S,7/27/2018,Salix,45,CEVE,10,,,55,1,1.25,15,0,
285,2012,618,2012_618,N,7/28/2018,SYAL,10,,,,,10,0.9,0.9,40,35,
286,2012,618,2012_618,W,7/28/2018,AMAL,5,,,,,5,0.5,0.8,25,15,
287,2012,618,2012_618,S,7/28/2018,Salix,20,AMAL,10,SPBE,5,40,1,2.9,30,10,
288,2012,618,2012_618,E,7/28/2018,none,0,,,,,0,0,0,30,85,
289,2012,619,2012_619,N,7/28/2018,SPBE,20,,,,,20,0.5,0.3,20,65,
290,2012,619,2012_619,E,7/28/2018,SPBE,20,ROWO,5,,,25,0.5,0.5,30,25,
291,2012,619,2012_619,S,7/28/2018,none,0,,,,,0,0,0,30,85,
292,2012,619,2012_619,W,7/28/2018,SPBE,25,,,,,25,0.5,0.7,30,30,
293,2012,662,2012_662,S,7/29/2018,HODI,5,SPBE,5,,,10,0.2,0.35,3,15,
294,2012,662,2012_662,W,7/29/2018,SPBE,10,,,,,10,0.25,0.3,20,70,
295,2012,662,2012_662,N,7/29/2018,SPBE,15,,,,,15,0.3,0.4,15,60,
296,2012,662,2012_662,E,7/29/2018,SPBE,35,BEAQ,5,,,40,0.3,0.4,30,55,
297,2012,639,2012_639,N,7/29/2018,none,0,,,,,0,0,0,0,0,
298,2012,639,2012_639,E,7/29/2018,none,0,,,,,0,0,0,80,0,
299,2012,639,2012_639,S,7/29/2018,RIVI,10,Salix,3,,,13,0.2,0.25,45,15,
300,2012,639,2012_639,W,7/29/2018,Salix,15,RIVI,10,,,25,0.3,0.4,75,10,
301,2012,635,2012_635,S,7/30/2018,Salix,40,,,,,40,0.3,0.45,60,5,
302,2012,635,2012_635,W,7/30/2018,Salix,40,,,,,40,0.55,0.95,65,0,
303,2012,635,2012_635,N,7/30/2018,Salix,25,,,,,25,0.4,0.55,20,0,
304,2012,635,2012_635,E,7/30/2018,Salix,30,,,,,30,0.65,1.35,60,0,
305,2012,636,2012_636,S,7/30/2018,Salix,35,,,,,35,0.5,0.9,75,0,
306,2012,636,2012_636,W,7/30/2018,Salix,80,,,,,80,0.5,1.15,30,0,
307,2012,636,2012_636,N,7/30/2018,Salix,65,,,,,65,0.5,1.1,20,0,
308,2012,636,2012_636,E,7/30/2018,Salix,30,,,,,30,0.5,1.1,65,0,
309,2012,655,2012_655,N,7/30/2018,Salix,25,,,,,25,0.45,0.6,40,0,
310,2012,655,2012_655,E,7/30/2018,Salix,35,RUPU,10,RUPA,5,50,0.5,1.85,30,0,
311,2012,655,2012_655,S,7/30/2018,RUPU,20,ROGY,15,Salix,15,50,0.5,1.6,20,5,
312,2012,655,2012_655,W,7/30/2018,Salix,45,,,,,45,0.5,0.95,20,3,
313,2012,645,2012_645,N,7/31/2018,HODI,20,SPBE,3,,,23,0.2,0.35,20,10,
314,2012,645,2012_645,E,7/31/2018,Salix,20,HODI,15,,,35,0.3,0.6,25,40,
315,2012,645,2012_645,S,7/31/2018,Salix,20,SPBE,10,,,30,0.2,0.45,30,60,
316,2012,645,2012_645,W,7/31/2018,SPBE,20,Salix,5,,,25,0.25,0.3,20,30,
317,2012,653,2012_653,N,8/15/2018,Salix,60,SPBE,5,,,65,0.5,1.95,20,5,
318,2012,653,2012_653,E,8/15/2018,Salix,35,SPBE,8,,,43,0.5,0.9,15,10,
319,2012,653,2012_653,S,8/15/2018,Salix,75,,,,,75,1,1.65,25,0,
320,2012,653,2012_653,W,8/15/2018,Salix,45,ROAC,2,,,47,0.5,1.25,10,25,
321,2012,651,2012_651,N,8/15/2018,RIVI,2,,,,,2,0,0.25,4,10,
322,2012,651,2012_651,E,8/15/2018,Salix,80,,,,,80,0.5,1.4,8,10,
323,2012,651,2012_651,S,8/15/2018,ROGY,4,,,,,4,0.5,0.5,25,55,
324,2012,651,2012_651,W,8/15/2018,ROGY,12,,,,,12,0.5,0.5,15,35,
325,2012,637,2012_637,W,8/16/2017,ACGL,10,RIVI,10,,,20,1,1.95,75,15,
326,2012,637,2012_637,N,8/16/2017,Salix,55,RIVI,10,,,65,0.5,1.75,50,30,
327,2012,637,2012_637,E,8/16/2017,Salix,40,,,,,40,1,2,50,15,
328,2012,637,2012_637,S,8/16/2017,none,0,,,,,0,0,0,35,5,
329,2012,646,2012_646,E,8/16/2018,SACA,35,RICE,10,RIVI,5,50,1,2.15,60,7,
330,2012,646,2012_646,S,8/16/2018,RICE,25,SACA,20,Salix,15,60,1,1.3,65,3,
331,2012,646,2012_646,W,8/16/2018,SACA,25,RICE,15,RUPU,10,50,0.5,1.3,65,15,
332,2012,646,2012_646,N,8/16/2018,SACA,35,RICE,15,RIVI,5,55,1,1.75,45,15,
333,2012,643,2012_643,N,8/16/2018,Salix,45,HODI,3,,,48,0.5,0.85,20,5,
334,2012,643,2012_643,E,8/16/2018,Salix,35,SARA,15,,,40,0.5,1.35,25,0,
335,2012,643,2012_643,S,8/16/2018,Salix,15,RICE,5,SARA,5,25,0.5,1.5,70,0,
336,2012,643,2012_643,W,8/16/2018,RIVI,20,Salix,10,,,30,0.5,0.6,30,10,
347,2015,2067,2015_2067,N,6/28/2020,APAN,45,Salix,8,Rosa,7,68,0.5,0.8,3,1,
348,2015,2067,2015_2067,E,6/28/2020,APAN,20,PTAQ,20,Vaccinium,5,47,0.5,0.6,7,7,
349,2015,2067,2015_2067,S,6/28/2020,APAN,25,PTAQ,6,Salix,5,36,0,0.5,7,0,
350,2015,2067,2015_2067,W,6/28/2020,Salix,50,PTAQ,10,RUPA,3,65,1,1.5,15,0,
351,2015,851,2015_851,N,6/29/2020,Salix,9,,,,,10,1,1.2,45,0,
352,2015,851,2015_851,E,6/29/2020,Salix,15,,,,,15,1,1.2,25,0,
353,2015,851,2015_851,S,6/29/2020,Salix,15,SPBE,7,APAN,1,28,0.5,1.5,25,7,
354,2015,851,2015_851,W,6/29/2020,Salix,15,CEVE,1,,,16,1,2.2,15,0,
355,2015,592,2015_592,N,6/29/2020,Salix,9,Rosa,8,BEAQ,8,31,1,1.5,4,0,
356,2015,592,2015_592,E,6/29/2020,Vaccinium,10,PAMY,9,SPBE,6,29,0.5,0.6,7,3,
357,2015,592,2015_592,S,6/29/2020,APAN,40,SPBE,10,Vaccinium,5,65,0.5,0.6,2,4,
358,2015,592,2015_592,W,6/29/2020,PAMY,15,Salix,4,SPBE,4,27,0.5,0.8,1,0,
359,2015,925,2015_925,N,6/29/2020,PTAQ,20,Salix,4,,,24,0.5,0.7,1,0,
360,2015,925,2015_925,E,6/29/2020,PTAQ,20,APAN,20,Salix,2,48,0.5,0.6,3,0,
361,2015,925,2015_925,S,6/29/2020,CEVE,25,PTAQ,25,Salix,10,62,0.5,0.6,4,2,
362,2015,925,2015_925,W,6/29/2020,PTAQ,20,Salix,10,CEVE,1,31,0.5,0.9,5,2,
363,2015,1507,2015_1507,S,6/18/2020,none,0,,,,,0,0,0,2,0,
364,2015,1507,2015_1507,E,6/18/2020,Rosa,7,,,,,7,0,0.45,35,4,
365,2015,1507,2015_1507,W,6/18/2020,SYAL,11,PUTR,1,,,4,0.5,0.7,20,20,
366,2015,1507,2015_1507,N,6/18/2020,Rosa,10,,,,,10,0,0.75,20,40,
367,2015,1193,2015_1193,S,6/18/2020,SPBE,2,,,,,2,0,0.35,1,30,
368,2015,1193,2015_1193,E,6/18/2020,PUTR,1,,,,,1,0.5,0.3,20,35,
369,2015,1193,2015_1193,N,6/18/2020,CEVE,7,,,,,7,0.5,0.55,8,75,
370,2015,1193,2015_1193,W,6/18/2020,CEVE,55,SPBE,2,BEAQ,2,59,0.5,0.6,0,40,
371,2015,1241,2015_1241,W,6/17/2020,AMAL,1,,,,,1,0.5,0.5,7,65,
372,2015,1241,2015_1241,S,6/17/2020,CEVE,4,SPBE,4,,,8,0,0.25,30,70,
373,2015,1241,2015_1241,E,6/17/2020,Ribes,3,SPBE,2,,,5,0.5,0.65,5,85,
374,2015,1241,2015_1241,N,6/17/2020,SPBE,2,CEVE,1,,,3,0,0.3,2,40,
375,2015,2359,2015_2359,S,6/18/2020,Rosa,1,,,,,1,0,0.25,40,30,
376,2015,2359,2015_2359,E,6/18/2020,none,0,,,,,0,0,0,40,35,
377,2015,2359,2015_2359,N,6/18/2020,Rosa,1,,,,,1,0,0.4,15,80,
378,2015,2359,2015_2359,W,6/18/2020,none,0,,,,,0,0,0,2,60,
379,2015,1559,2015_1559,N,6/19/2020,HODI,15,SPBE,12,CEVE,2,29,0.5,0.99,18,3,
380,2015,1559,2015_1559,E,6/19/2020,Rosa,40,SPBE,2,SYAL,3,45,0.5,1.25,20,15,
381,2015,1559,2015_1559,S,6/19/2020,HODI,40,Rosa,10,PUTR,7,55,3,4.25,25,40,
382,2015,1559,2015_1559,W,6/19/2020,HODI,20,CEVE,15,RULE,6,39,0.5,1.6,25,1,
383,2015,145,2015_145,S,6/26/2020,ALCR,20,VAME,70,,,90,1,2.1,0,0,
384,2015,145,2015_145,W,6/26/2020,ALCR,55,Salix,30,VAME,90,95,1,2.6,3,0,
385,2015,145,2015_145,N,6/26/2020,ALCR,55,Salix,20,SPBE,5,75,1.5,2.8,40,0,
386,2015,145,2015_145,E,6/26/2020,Salix,30,ALCR,10,VAME,20,40,1.5,2.6,15,6,
387,2015,1124,2015_1124,E,6/26/2020,SPBE,30,Salix,2,CEVE,1,33,0,0.5,5,0,
388,2015,1124,2015_1124,S,6/26/2020,Salix,35,ALCR,10,SPBE,10,55,0.5,2.7,5,0,
389,2015,1124,2015_1124,W,6/26/2020,Salix,55,ALCR,15,,,65,1,3.2,3,0,
390,2015,1124,2015_1124,N,6/26/2020,SPBE,30,Salix,25,PAMY,5,60,0.5,1.6,8,0,
391,2015,1024,2015_1024,N,6/26/2020,Salix,55,,,,,55,0.5,1.6,7,0,
392,2015,1024,2015_1024,E,6/26/2020,Salix,45,,,,,45,0.5,0.8,2,0,
393,2015,1024,2015_1024,S,6/26/2020,Salix,30,SPBE,30,,,55,1.5,3.2,4,0,
394,2015,1024,2015_1024,W,6/26/2020,Salix,35,SPBE,15,,,50,0.5,2.5,2,0,
395,2015,626,2015_626,N,6/27/2020,Salix,25,,,,,25,1,1.6,80,0,
396,2015,626,2015_626,E,6/27/2020,Salix,40,Ribes,1,,,41,1,1.5,75,4,
397,2015,626,2015_626,S,6/27/2020,Salix,45,,,,,45,1,1.5,80,0,
398,2015,626,2015_626,W,6/27/2020,Salix,30,,,,,30,1,1.2,70,0,
399,2015,750,2015_750,N,6/27/2020,Salix,20,Ribes,10,CEVE,8,38,1.5,1.8,65,0,
400,2015,750,2015_750,E,6/27/2020,Vaccinium,40,Salix,15,CEVE,4,59,1,1.6,65,0,
401,2015,750,2015_750,S,6/27/2020,Salix,45,VAPA,5,,,50,1,2.3,80,0,
402,2015,750,2015_750,W,6/27/2020,Salix,25,,,,,25,1,1.4,75,0,
403,2015,921,2015_921,S,6/27/2020,ALCR,55,PHLE,4,Vaccinium,2,61,1.5,2.1,30,50,
404,2015,921,2015_921,W,6/27/2020,ALCR,25,Salix,5,,,30,1,1.6,40,15,
405,2015,921,2015_921,N,6/27/2020,ALCR,8,PHLE,1,,,9,0.5,1.4,30,5,
406,2015,921,2015_921,E,6/27/2020,PHLE,5,ALCR,1,,,6,0.5,1.1,15,35,
407,2015,1359,2015_1359,N,6/28/2020,Salix,70,,,,,70,1,1.6,40,0,
408,2015,1359,2015_1359,E,6/28/2020,Salix,10,PAMY,3,CEVE,1,14,1,2.2,10,0,
409,2015,1359,2015_1359,S,6/28/2020,CEVE,30,Salix,20,SPBE,3,53,1,2.7,25,0,
410,2015,1359,2015_1359,W,6/28/2020,CEVE,55,Salix,15,SPBE,3,70,1,2.4,30,0,
411,2015,686,2015_686,N,6/30/2020,none,0,,,,,0,0,0,95,0,
412,2015,686,2015_686,E,6/30/2020,SACA,8,CEVE,1,,,9,1,1.6,75,0,
413,2015,686,2015_686,S,6/30/2020,ABGL,35,,,,,35,2,2.8,60,2,
414,2015,686,2015_686,W,6/30/2020,ABGL,65,Ribes,1,,,66,2,3,30,0,
415,2015,507,2015_507,N,7/1/2020,ABGL,25,SYAL,20,,,40,1.5,2.1,15,0,
416,2015,507,2015_507,W,7/1/2020,AMAL,25,SYAL,25,,,50,1,1.3,15,4,
417,2015,507,2015_507,E,7/1/2020,SYAL,10,Ribes,5,AMAL,,1,0.5,0.8,35,15,
418,2015,507,2015_507,S,7/1/2020,AMAL,15,SYAL,10,Ribes,7,0.5,1.3,6,7,0,
419,2015,577,2015_577,W,7/6/2020,AMAL,8,Prunus,4,SPBE,1,13,0.5,0.6,40,0,
420,2015,577,2015_577,N,7/6/2020,AMAL,2,SPBE,1,,,3,0.5,0.6,30,0,
421,2015,577,2015_577,E,7/6/2020,AMAL,40,SPBE,40,,,75,1,1.6,20,0,
422,2015,577,2015_577,S,7/6/2020,AMAL,60,SPBE,20,,,80,1,1.2,4,0,
423,2015,583,2015_583,E,7/6/2020,CEVE,15,ABGL,8,,4,23,1,1.9,60,0,
424,2015,583,2015_583,N,7/6/2020,CEVE,9,,,,,9,0.5,0.5,50,0,
425,2015,583,2015_583,W,7/6/2020,SPBE,20,SANI,10,AMAL,7,35,1,1.9,30,0,
426,2015,583,2015_583,S,7/6/2020,SANI,50,SPBE,10,CEVE,9,65,1.5,2.8,9,0,
427,2015,170,2015_170,N,7/8/2020,Salix,30,,,,,30,2,2.1,5,40,
428,2015,170,2015_170,E,7/8/2020,Salix,10,,,,,10,1,1.5,15,70,
429,2015,170,2015_170,S,7/8/2020,Salix,25,,,,,25,2,2.6,10,55,
430,2015,170,2015_170,W,7/8/2020,Salix,20,,,,,20,2,2.2,20,40,
431,2015,1895,2015_1895,N,7/8/2020,Salix,40,,,,,40,3,4.6,15,0,
432,2015,1895,2015_1895,E,7/8/2020,Salix,25,,,,,25,1.5,2.1,30,70,
433,2015,1895,2015_1895,S,7/8/2020,Salix,1,,,,,1,0.5,0.6,30,5,
434,2015,1895,2015_1895,W,7/8/2020,Salix,20,,,,,20,1.5,2.2,75,10,
435,2015,109,2015_109,N,7/9/2020,Salix,25,PAMY,8,Vaccinium,1,30,1,2.3,6,10,
436,2015,109,2015_109,E,7/9/2020,Salix,10,PAMY,9,,,20,0.5,1.2,3,35,
437,2015,109,2015_109,S,7/9/2020,Salix,35,PAMY,6,Vaccinium,15,50,1.5,3.1,4,8,
438,2015,109,2015_109,W,7/9/2020,Salix,35,PAMY,7,,,42,1,1.4,0,15,
439,2015,2212,2015_2212,N,7/20/2020,Salix,15,,,,,15,1,1.4,10,0,
440,2015,2212,2015_2212,S,7/20/2020,Salix,30,,,,,30,1,1.6,50,0,
441,2015,2212,2015_2212,E,7/20/2020,Salix,30,,,,,30,1,1.4,20,0,
442,2015,2212,2015_2212,W,7/20/2020,Salix,40,,,,,40,1,1.6,30,0,
443,2015,2265,2015_2265,N,7/21/2020,SARA,7,Salix,3,,,10,0.5,1.1,50,0,
444,2015,2265,2015_2265,E,7/21/2020,SARA,9,Vaccinium,6,RUPA,4,19,0.5,0.9,85,0,
445,2015,2265,2015_2265,S,7/21/2020,SARA,15,ALCR,15,SARA,5,42,0.5,1.2,50,0,
446,2015,2265,2015_2265,W,7/21/2020,RUPA,40,SARA,10,Salix,8,55,1,2.2,30,0,
447,2015,2194,2015_2194,N,7/21/2020,Salix,10,SARA,10,,,24,1,1.5,55,0,
448,2015,2194,2015_2194,E,7/21/2020,SARA,5,PAMY,2,,,7,1,1.3,25,2,
449,2015,2194,2015_2194,S,7/21/2020,OPHO,15,Vaccinium,8,LOUT,4,27,0.5,0.8,65,0,
450,2015,2194,2015_2194,W,7/21/2020,SARA,50,RUPA,5,,,54,1.5,2.1,60,0,
451,2015,2174,2015_2174,N,7/21/2020,Salix,15,Vaccinium,1,,,16,1,1.2,75,0,
452,2015,2174,2015_2174,E,7/21/2020,Salix,4,,,,,4,1,1.1,80,0,
453,2015,2174,2015_2174,S,7/21/2020,Salix,20,,,,,20,1,1.4,45,0,
454,2015,2174,2015_2174,W,7/21/2020,Salix,5,,,,,5,1,1.1,35,0,
455,2015,2326,2015_2326,N,7/22/2020,RUPA,7,Rosa,1,,,7,0.5,0.6,20,0,
456,2015,2326,2015_2326,E,7/22/2020,PHMA,15,Rosa,5,RUPA,2,19,0,0.4,50,0,
457,2015,2326,2015_2326,S,7/22/2020,Ribes,10,SPBE,4,Salix,3,17,0.5,1.2,40,0,
458,2015,2326,2015_2326,W,7/22/2020,Vaccinium,7,Rosa,4,RUPA,3,14,0,0.6,60,5,
459,2015,2325,2015_2325,N,7/22/2020,ALCR,70,RUPA,40,PAMY,35,95,1.5,2.3,40,0,
460,2015,2325,2015_2325,E,7/22/2020,ALCR,50,PAMY,65,Salix,45,95,2,6,15,0,
461,2015,2325,2015_2325,S,7/22/2020,ALCR,80,PAMY,55,RUPA,10,97,2.5,4,30,0,
462,2015,2325,2015_2325,W,7/22/2020,RUPA,35,PAMY,40,Vaccinium ,10,75,0.5,1.3,25,0,
463,2015,2304,2015_2304,N,7/22/2020,Salix,55,,,,,55,0.5,1,15,1,
464,2015,2304,2015_2304,E,7/22/2020,Salix,80,,,,,80,0.5,1.5,40,0,
465,2015,2304,2015_2304,S,7/22/2020,Salix,70,SPBE,3,Rosa,7,75,0.5,1.2,7,0,
466,2015,2304,2015_2304,W,7/22/2020,Salix,90,ACGL,5,,,95,1,1.5,50,0,
467,2015,2058,2015_2058,N,7/17/2020,CESA,70,PHMA,40,Rosa,40,100,1,1.7,7,0,
468,2015,2058,2015_2058,E,7/17/2020,CESA,80,Rosa,40,PHMA,5,100,1,1.8,0,0,
469,2015,2058,2015_2058,S,7/17/2020,CESA,90,Rosa,40,,,90,1,1.6,5,0,
470,2015,2058,2015_2058,W,7/17/2020,CESA,75,Rosa,10,HODI,6,90,1,1.3,4,0,
471,2015,1752,2015_1752,N,7/17/2020,PHMA,60,CESA,20,Vaccinium,5,80,1,1.2,40,4,
472,2015,1752,2015_1752,E,7/17/2020,CESA,65,PHMA,25,Vaccinium,15,90,1,1.2,45,2,
473,2015,1752,2015_1752,S,7/17/2020,CESA,65,Salix,35,AMAL,4,100,1.5,2.2,45,5,
474,2015,1752,2015_1752,W,7/17/2020,ACGL,35,CESA,35,Vaccinium,8,90,1.5,2,45,10,
475,2015,2146,2015_2146,N,7/17/2020,SPBE,15,SYAL,15,AMAL,4,34,0.5,0.7,5,55,
476,2015,2146,2015_2146,E,7/17/2020,PHMA,30,BENE,15,AMAL,8,50,0.5,0.8,3,65,
477,2015,2146,2015_2146,S,7/17/2020,SYAL,65,AMAL,10,CESA,8,90,0.5,1.6,4,5,
478,2015,2146,2015_2146,W,7/17/2020,SYAL,50,AMAL,20,,,70,0.5,1.1,2,10,
479,2015,1997,2015_1997,N,7/17/2020,PHMA,45,SYAL,10,CESA,10,60,1,1.6,5,0,
480,2015,1997,2015_1997,E,7/17/2020,HODI,30,PHMA,30,SYAL,15,90,1.5,2.4,5,0,
481,2015,1997,2015_1997,S,7/17/2020,PHMA,30,Rosa,25,CESA,20,90,1,1.3,3,1,
482,2015,1997,2015_1997,W,7/17/2020,PHMA,25,SYAL,25,Rosa,20,80,1,1.4,2,0,
483,2015,1326,2015_1326,N,7/18/2020,SPBE,10,PAMY,1,PHMA,1,12,0.5,0.7,20,8,
484,2015,1326,2015_1326,E,7/18/2020,SPBE,15,RUSP,1,PHMA,1,17,0.5,0.6,30,35,
485,2015,1326,2015_1326,S,7/18/2020,Salix,20,PHMA,2,,,22,1,1.1,2,15,
486,2015,1326,2015_1326,W,7/18/2020,PHMA,7,SPBE,3,,,10,0.5,0.6,25,25,
487,2015,1549,2015_1549,N,7/18/2020,CESA,30,SYAL,10,SPBE,5,45,1,1.2,25,0,
488,2015,1549,2015_1549,E,7/18/2020,CESA,100,,,,,100,1,1.3,5,0,
489,2015,1549,2015_1549,S,7/18/2020,CESA,100,,,,,100,1,1.4,5,0,
490,2015,1549,2015_1549,W,7/18/2020,CESA,100,,,,,100,1,1.2,5,0,
491,2015,1437,2015_1437,N,7/18/2020,CESA,60,Salix,20,,,80,1,1.2,25,0,
492,2015,1437,2015_1437,E,7/18/2020,CESA,45,PHMA,15,,,65,1,1.2,10,8,
493,2015,1437,2015_1437,S,7/18/2020,CEVE,25,Salix,5,,,30,0.5,1,5,1,
494,2015,1437,2015_1437,W,7/18/2020,CEVE,15,Salix,15,,,30,0.5,1,4,6,
495,2015,1490,2015_1490,N,7/18/2020,CESA,65,,,,,65,1,1.3,30,5,
496,2015,1490,2015_1490,E,7/18/2020,CESA,70,HODI,25,,,95,1,1.7,5,0,
497,2015,1490,2015_1490,S,7/18/2020,CESA,75,,,,,75,1,1.3,15,5,
498,2015,1490,2015_1490,W,7/18/2020,CESA,25,RUSP,20,Prunus,20,65,1,2.8,20,0,
499,2015,1910,2015_1910,N,7/19/2020,Salix,1,,,,,1,0.5,0.3,35,0,
500,2015,1910,2015_1910,E,7/19/2020,none,0,,,,,0,0,0,0,0,
501,2015,1910,2015_1910,S,7/19/2020,SPBE,6,Salix,1,,,7,0,0.2,3,0,
502,2015,1910,2015_1910,W,7/19/2020,none,0,,,,,0,0,0,25,0,
503,2015,1511,2015_1511,N,7/19/2020,Salix,8,,,,,8,0.5,0.6,70,0,
504,2015,1511,2015_1511,E,7/19/2020,Salix,35,,,,,35,1,1.2,35,0,
505,2015,1511,2015_1511,S,7/19/2020,Salix,35,SPBE,8,HODI,10,53,1,2,35,0,
506,2015,1511,2015_1511,W,7/19/2020,Salix,8,Ribes,5,,,13,0.5,0.7,10,3,
507,2015,1633,2015_1633,N,7/17/2020,PHMA,15,SPBE,15,AMAL,8,38,0.5,1,5,35,
508,2015,1633,2015_1633,W,7/17/2020,SYAL,10,SPBE,7,,,17,0,0.5,20,10,
509,2015,1633,2015_1633,S,7/17/2020,SYAL,30,SPBE,20,SACA,2,52,0.5,1,7,1,
510,2015,1633,2015_1633,E,7/17/2020,CEVE,20,SPBE,20,PHMA,5,45,0.5,1,2,5,
511,2015,803,2015_803,S,8/5/2020,SYAL,95,AMAL,5,,,100,0.5,1.4,0,0,
512,2015,803,2015_803,E,8/5/2020,AMAL,15,CEVE,12,SYAL,7,34,0.5,1.9,20,3,
513,2015,803,2015_803,N,8/5/2020,SYAL,2,PAMY,3,PUTI,1,6,0,0.5,30,3,
514,2015,803,2015_803,W,8/5/2020,AMAL,10,PUTI,4,,,14,0.5,0.9,20,15,
515,2015,741,2015_741,N,8/5/2020,AMAL,4,CEVE,1,SYAL,1,6,1,1.1,9,80,
516,2015,741,2015_741,E,8/5/2020,AMAL,15,SYAL,10,,,25,1,1.5,15,5,
517,2015,741,2015_741,S,8/5/2020,none,0,,,,,0,0,0,15,5,
518,2015,741,2015_741,W,8/5/2020,AMAL,8,SYAL,7,CEVE,3,29,1,2.1,5,2,
519,2015,734,2015_734,N,8/5/2020,SYAL,10,,,,,10,0.5,0.5,20,50,
520,2015,734,2015_734,E,8/5/2020,SYAL,10,AMAL,6,,,16,0.5,0.6,5,55,
521,2015,734,2015_734,S,8/5/2020,Prunus,15,,,,,15,1,1.1,45,30,
522,2015,734,2015_734,W,8/5/2020,Prunus,15,AMAL,4,SYAL,7,26,0.5,1.2,10,6,
523,2015,1274,2015_1274,W,7/31/2020,SYAL,15,RUPA,10,Vaccinium,4,29,0.5,0.7,45,35,
524,2015,1274,2015_1274,E,7/31/2020,ACGL,15,RUPA,15,,,30,1,2.1,70,3,
525,2015,1274,2015_1274,S,7/31/2020,SYAL,20,RUPA,10,SPBE,10,40,0,0.5,40,0,
526,2015,1274,2015_1274,N,7/31/2020,ACGL,20,RUPA,4,,,22,1.5,2.2,55,30,
527,2015,1026,2015_1026,N,7/31/2020,Salix,30,RUPA,8,,,38,1,1.7,55,0,
528,2015,1026,2015_1026,E,7/31/2020,Salix,70,,,,,70,1,1.4,45,0,
529,2015,1026,2015_1026,S,7/31/2020,Salix,50,ACGL,9,,,59,1.5,2.3,55,0,
530,2015,1026,2015_1026,W,7/31/2020,Salix,45,,,,,45,1,2.2,70,0,
531,2015,1830,2015_1830,E,7/31/2020,PHMA,50,HODI,15,SYAL,5,65,1,1.9,30,0,
532,2015,1830,2015_1830,S,7/31/2020,PHMA,15,ACGL,5,SPBE,4,25,1,2.1,25,15,
533,2015,1830,2015_1830,W,7/31/2020,PHMA,25,CRDO,20,Rosa,4,40,1.5,4,8,0,
534,2015,1830,2015_1830,N,7/31/2020,Rosa,20,SYAL,15,PHMA,5,40,0.5,1,25,60,
535,2015,216,2015_216,N,8/1/2020,SPBE,10,Vaccinium,8,,,18,0.5,0.6,7,75,
536,2015,216,2015_216,E,8/1/2020,SPBE,7,Vaccinium,5,,,13,0,0.5,2,35,
537,2015,216,2015_216,S,8/1/2020,none,0,,,,,0,0,0,9,60,
538,2015,216,2015_216,W,8/1/2020,SPBE,7,Vaccinium,1,,,8,0.5,0.45,10,60,
539,2015,236,2015_236,N,8/1/2020,Vaccinium,7,SPBE,6,Ribes,4,17,0.5,0.6,4,15,
540,2015,236,2015_236,E,8/1/2020,SPBE,9,,,,,9,0.5,0.6,8,25,
541,2015,236,2015_236,S,8/1/2020,SPBE,20,,,,,21,0.5,0.6,8,10,
542,2015,236,2015_236,W,8/1/2020,Salix,15,SPBE,3,,,20,1,1.3,8,20,
543,2015,2222,2015_2222,N,8/1/2020,Ribes,6,SACA,2,,,10,0.5,1,90,0,
544,2015,2222,2015_2222,E,8/1/2020,SACA,40,RUPA,20,,,60,1.5,2.5,75,0,
545,2015,2222,2015_2222,S,8/1/2020,RUPA,15,,,,,15,1.5,1.5,80,0,
546,2015,2222,2015_2222,W,8/1/2020,Salix,4,RUPA,4,,,8,0.5,0.9,60,0,
547,2015,2333,2015_2333,W,8/1/2020,RUPA,45,PAMY,2,,,47,0,0.5,30,20,
548,2015,2333,2015_2333,E,8/1/2020,RUPA,20,Ribes,5,SYAL,2,30,0.5,0.7,55,10,
549,2015,2333,2015_2333,S,8/1/2020,RUPA,20,,,,,22,0.5,0.5,55,5,
550,2015,2333,2015_2333,N,8/1/2020,Salix,10,RUPA,20,,,32,1,1.9,30,45,
551,2015,2156,2015_2156,N,8/1/2020,Salix,15,,,,,15,0.5,0.6,30,0,
552,2015,2156,2015_2156,E,8/1/2020,Salix,25,,,,,25,0.5,0.7,50,0,
553,2015,2156,2015_2156,S,8/1/2020,Salix,40,Vaccinium,10,,,50,0,0.5,40,0,
554,2015,2156,2015_2156,W,8/1/2020,Salix,35,,,,,35,1,1.2,55,0,
555,2015,2334,2015_2334,N,8/2/2020,Rosa,10,Salix,5,Ribes,2,19,1,1.5,45,25,
556,2015,2334,2015_2334,E,8/2/2020,Salix,15,Ribes,9,SPBE,4,30,1,1.2,50,10,
557,2015,2334,2015_2334,S,8/2/2020,Rosa,35,SPBE,15,Vaccinium,5,55,0.5,1,40,20,
558,2015,2334,2015_2334,W,8/2/2020,none,0,,,,,0,0,0,30,15,
559,2015,2309,2015_2309,N,8/2/2020,Salix,15,ABGL,8,Ribes,5,28,1,1.7,30,4,
560,2015,2309,2015_2309,E,8/2/2020,Salix,35,RUPA,6,Ribes,6,52,1,1.4,0,0,
561,2015,2309,2015_2309,S,8/2/2020,Salix,25,RUPA,20,Ribes,15,65,1,1.1,20,0,
562,2015,2309,2015_2309,W,8/2/2020,Salix,30,Ribes,2,,,37,1,1.3,35,6,
563,2015,370,2015_370,N,8/2/2020,SPBE,6,Ribes,4,ACGL,3,14,0.5,0.9,25,7,
564,2015,370,2015_370,E,8/2/2020,Salix,8,Vaccinium,5,Ribes,2,15,0,0.5,20,25,
565,2015,370,2015_370,S,8/2/2020,SPBE,15,Vaccinium,20,ALCR,55,60,2.5,5,30,10,
566,2015,370,2015_370,W,8/2/2020,Vaccinium,10,,,,,10,0,0.3,25,9,
567,2015,1023,2015_1023,N,8/3/2020,Salix,15,CEVE,8,,,23,1,1.7,40,0,
568,2015,1023,2015_1023,E,8/3/2020,Salix,80,CEVE,5,,,85,1,1.5,40,0,
569,2015,1023,2015_1023,S,8/3/2020,Salix,10,CEVE,9,PHMA,5,24,1,1.5,35,0,
570,2015,1023,2015_1023,W,8/3/2020,CEVE,15,Salix,10,PHMA,2,37,1,1.9,20,0,
571,2015,2161,2015_2161,N,8/3/2020,HODI,8,CEVE,2,,,10,0.5,0.9,85,0,
572,2015,2161,2015_2161,E,8/3/2020,CEVE,9,PHMA,3,SYAL,2,14,1,1.2,75,3,
573,2015,2161,2015_2161,S,8/3/2020,SACA,55,PHMA,25,SYAL,30,70,2,3,0,3,
574,2015,2161,2015_2161,W,8/3/2020,PHMA,15,CEVE,10,HODI,1,38,1,1.7,6,80,
575,2015,2178,2015_2178,N,8/3/2020,Salix,60,CEVE,20,,,80,0.5,1,60,0,
576,2015,2178,2015_2178,E,8/3/2020,Salix,40,CEVE,30,,,70,1,1.5,40,0,
577,2015,2178,2015_2178,S,8/3/2020,CEVE,20,SYAL,5,Rosa,4,35,1,1.6,50,9,
578,2015,2178,2015_2178,W,8/3/2020,SYAL,20,PHMA,15,Salix,8,50,1,1.9,20,10,
579,2015,1166,2015_1166,N,8/3/2020,HODI,20,AMAL,15,ACGL,5,60,0.5,2.5,5,30,
580,2015,1166,2015_1166,E,8/3/2020,AMAL,20,Salix,5,SPBE,3,35,1,1.5,20,50,
581,2015,1166,2015_1166,W,8/3/2020,Salix,25,CEVE,15,PHMA,8,50,2,3,15,1,
582,2015,1166,2015_1166,S,8/3/2020,Salix,65,SPBE,2,SYAL,1,68,1,1.7,20,4,
583,2015,2322,2015_2322,N,8/4/2020,PHMA,15,AMAL,4,SPBE,3,26,1,1.1,9,5,
584,2015,2322,2015_2322,E,8/4/2020,HODI,20,BENE,7,,,27,0.5,1.5,15,20,
585,2015,2322,2015_2322,S,8/4/2020,PHMA,20,Rosa,15,SPBE,8,45,1,1.3,3,15,
586,2015,2322,2015_2322,W,8/4/2020,SYAL,25,PHMA,9,AMAL,3,37,1,1.8,50,5,
587,2015,2336,2015_2336,N,8/4/2020,ACGL,20,Salix,3,,,23,2.5,2.9,10,0,
588,2015,2336,2015_2336,E,8/4/2020,none,0,,,,,0,0,0,70,0,
589,2015,2336,2015_2336,S,8/4/2020,Salix,25,,,,,25,3,3.5,35,0,
590,2015,2336,2015_2336,W,8/4/2020,Salix,3,,,,,3,0.5,0.9,35,0,
591,2015,710,2015_710,N,8/4/2020,none,0,,,,,0,0,0,30,70,
592,2015,710,2015_710,E,8/4/2020,none,0,,,,,0,0,0,25,75,
593,2015,710,2015_710,S,8/4/2020,PHMA,15,SPBE,6,SYAL,2,23,0.5,0.7,5,72,
594,2015,710,2015_710,W,8/4/2020,none,0,,,,,0,0,0,7,93,
595,2015,415,2015_415,W,8/14/2020,Salix,40,,,,,40,1,1.4,45,5,
596,2015,415,2015_415,E,8/14/2020,Salix,65,,,,,65,1,2.1,20,0,
597,2015,415,2015_415,S,8/14/2020,Salix,35,,,,,35,1.5,2.2,25,2,
598,2015,415,2015_415,N,8/14/2020,Salix,25,,,,,25,1,1.9,60,1,
599,2015,2357,2015_2357,N,8/14/2020,RUPA,9,PHMA,4,Salix,4,18,0.5,1.6,60,3,
600,2015,2357,2015_2357,E,8/14/2020,Salix,30,Ribes,5,RUPA,2,37,1,2,60,0,
601,2015,2357,2015_2357,S,8/14/2020,PHMA,6,,,,,6,1,1.1,40,6,
602,2015,2357,2015_2357,W,8/14/2020,PHMA,8,Salix,15,,,23,1,1.7,55,1,
603,2015,2164,2015_2164,N,8/15/2020,Salix,5,,,,,5,0.5,0.9,50,0,
604,2015,2164,2015_2164,E,8/15/2020,Salix,3,,,,,3,0.5,0.8,50,0,
605,2015,2164,2015_2164,S,8/15/2020,Salix,4,,,,,4,1,0.9,55,0,
606,2015,2164,2015_2164,W,8/15/2020,Salix,3,,,,,3,0.5,0.8,45,0,
607,2015,2307,2015_2307,N,8/15/2020,Salix,65,,,,,65,0.5,1.1,25,0,
608,2015,2307,2015_2307,E,8/15/2020,Salix,65,,,,,65,0.5,1.2,20,0,
609,2015,2307,2015_2307,S,8/15/2020,Salix,55,,,,,55,0.5,1,25,0,
610,2015,2307,2015_2307,W,8/15/2020,Salix,80,,,,,80,1,1.5,30,0,
611,2015,2300,2015_2300,N,8/16/2020,Salix,50,,,,,50,0.5,1,25,0,
612,2015,2300,2015_2300,E,8/16/2020,Salix,50,,,,,50,0.5,0.9,30,0,
613,2015,2300,2015_2300,S,8/16/2020,Salix,45,Ribes,2,,,47,1,1.4,20,0,
614,2015,2300,2015_2300,W,8/16/2020,Ribes,7,RUPA,7,Salix,3,17,0.5,1,30,0,
615,2015,2332,2015_2332,N,8/16/2020,ACGL,70,RUPA,10,Ribes,5,85,1.5,4,30,0,
616,2015,2332,2015_2332,E,8/16/2020,Salix,50,RUPA,10,PHMA,1,61,0.5,0.7,20,0,
617,2015,2332,2015_2332,S,8/16/2020,RUPA,30,,,,,30,0.5,0.7,15,1,
618,2015,2332,2015_2332,W,8/16/2020,Salix,8,RUPA,3,SYAL,3,15,0.5,1,8,6,
619,2017,39,2017_39,W,6/15/2021,BENE,5,SYAL,2,SARA,2,9,0.4,0.8,80,1,
620,2017,39,2017_39,N,6/15/2021,ROGY,25,SYAL,15,BENE,4,50,0.5,0.9,30,2,
621,2017,39,2017_39,E,6/15/2021,BENE,2,ROGY,1,,,3,0.3,0.3,20,0,
622,2017,39,2017_39,S,6/15/2021,BENE,10,ROGY,2,SYAL,3,15,0.2,0.8,8,1,
623,2017,47,2017_47,E,6/24/2021,SPBE,1,ROGY,1,,,2,0.1,0.1,4,7,
,2017,47,2017_47,S,6/24/2021,BEAQ,2,,,,,2,0.1,0.3,5,5,
,2017,47,2017_47,W,6/24/2021,CEBE,3,BEAQ,2,RUID,1,7,0.1,0.2,9,4,
,2017,47,2017_47,N,6/24/2021,HODI,2,BEAQ,1,PAMY,1,4,0.3,0.5,9,4,
,2017,44,2017_44,N,6/25/2021,BENE,6,CHUM,1,ROGY,1,8,0.2,0.3,8,3,
,2017,44,2017_44,E,6/25/2021,BENE,2,ARUV,1,,,3,0.1,0.1,25,2,
,2017,44,2017_44,S,6/25/2021,ROGY,1,,,,,1,0.6,0.6,2,1,
,2017,44,2017_44,W,6/25/2021,BENE,1,BEAQ,1,,,2,0.1,0.2,1,3,
,2017,53,2017_53,W,6/25/2021,ROGY,4,RUPA,2,BENE,2,14,0.3,0.5,30,1,
,2017,53,2017_53,E,6/25/2021,ROGY,6,BENE,3,,,9,0.4,0.9,25,1,
,2017,53,2017_53,N,6/25/2021,CEVE,8,ROGY,8,BENE,7,25,0.4,0.6,5,7,
,2017,53,2017_53,S,6/25/2021,BENE,9,ROGY,5,RUID,2,18,0.2,0.3,40,1,
,2017,36,2017_36,W,6/26/2021,BENE,50,ROGY,3,Salix,1,56,0.3,0.4,4,2,
,2017,36,2017_36,N,6/26/2021,BENE,7,Salix,3,CEVE,1,15,0.2,0.3,40,1,
,2017,36,2017_36,S,6/26/2021,BENE,4,Salix,1,CHUM,1,6,0.2,0.2,1,1,
,2017,36,2017_36,E,6/26/2021,BENE,19,Salix,8,CHUM,2,29,0.3,0.4,1,3,
,2017,37,2017_37,W,6/26/2021,BENE,8,CEVE,4,Salix,1,13,0.2,0.3,4,0,
,2017,37,2017_37,S,6/26/2021,BENE,5,CEVE,1,Salix,1,7,0.3,0.4,3,0,
,2017,37,2017_37,N,6/26/2021,Salix,3,BENE,2,ROGY,1,7,0.2,0.4,1,1,
,2017,37,2017_37,E,6/26/2021,BENE,3,ROGY,1,PAMY,1,5,0.2,0.3,1,1,
,2017,4,2017_4,E,6/27/2021,RICE,2,,,,,2,0.2,0.2,45,45,
,2017,4,2017_4,N,6/27/2021,RICE,2,,,,,2,0.1,0.1,25,0,
,2017,4,2017_4,W,6/27/2021,RICE,10,,,,,10,0.4,0.5,70,15,
,2017,4,2017_4,S,6/27/2021,RICE,1,,,,,1,0.1,0.1,7,50,
,2017,29,2017_29,N,6/28/2021,HODI,3,CEVE,2,SACA,2,10,0.3,0.7,5,5,
,2017,29,2017_29,E,6/28/2021,SPBE,23,,,,,23,0.1,0.2,7,25,
,2017,29,2017_29,S,6/28/2021,SPBE,9,HODI,3,BEAQ,1,13,0.2,0.7,15,10,
,2017,29,2017_29,W,6/28/2021,SPBE,4,,,,,4,0.3,0.3,13,4,
,2017,43,2017_43,N,6/29/2021,SYRO,3,SPBE,2,CEVE,1,6,0.4,0.5,4,20,
,2017,43,2017_43,S,6/29/2021,COCO,20,SPBE,8,SPBE,5,33,0.4,2,5,13,
,2017,43,2017_43,W,6/29/2021,ROGY,9,COCO,6,SPBE,6,21,0.4,1.4,3,7,
,2017,43,2017_43,E,6/29/2021,CEVE,4,SPBE,3,COCO,3,11,0.3,0.7,1,5,
,2017,34,2017_34,E,6/30/2021,SPBE,15,ROAC,6,Salix,5,33,0.5,0.8,22,25,
,2017,34,2017_34,S,6/30/2021,ARUV,6,ROAC,3,SPBE,2,17,0.2,0.6,1,2,
,2017,34,2017_34,N,6/30/2021,ROGY,6,SYAL,4,AMAL,1,11,0.2,0.4,5,60,
,2017,34,2017_34,W,6/30/2021,SPBE,9,Salix,6,ROGY,4,22,0.4,0.8,70,6,
,2017,27,2017_27,E,6/30/2021,HODI,6,CEVE,6,BEAQ,4,19,0.7,1.2,2,6,
,2017,27,2017_27,S,6/30/2021,ROAC,10,SPBE,2,SYAL,2,15,0.3,0.7,1,7,
,2017,27,2017_27,N,6/30/2021,SPBE,12,Salix,10,HODI,2,26,0.5,2.8,60,30,
,2017,27,2017_27,W,6/30/2021,HODI,13,SPBE,11,SYAL,8,32,0.4,1.8,3,80,
,2017,35,2017_35,E,7/1/2021,AMAL,9,VAOV,7,SPBE,5,22,0.2,0.5,2,5,
,2017,35,2017_35,N,7/1/2021,VAOV,22,AMAL,5,ROGY,4,35,0.3,0.5,11,9,
,2017,35,2017_35,W,7/1/2021,SPBE,7,CEVE,1,BEAQ,1,10,0.2,0.4,1,15,
,2017,35,2017_35,S,7/1/2021,SPBE,5,BEAQ,3,ARUV,3,13,0.3,0.5,5,0,
,2017,54,2017_54,N,6/16/2021,ARUV,3,BENE,3,VASC,4,12,0.2,0.35,2,33,
,2017,54,2017_54,E,6/16/2021,ARUV,5,ROGY,3,SPBE,2,12,0.15,0.2,3,30,
,2017,54,2017_54,S,6/16/2021,ROGY,4,ARUV,3,SPBE,1,10,0.2,0.5,3,15,
,2017,54,2017_54,W,6/16/2021,BENE,10,VASC,8,SPBE,5,25,0.2,0.4,2,40,
,2017,46,2017_46,S,6/17/2021,CEVE,10,RUID,3,PRVI,2,16,0.2,0.6,9,1,
,2017,46,2017_46,E,6/17/2021,CEVE,6,SPBE,2,,,8,0.3,0.4,15,1,
,2017,46,2017_46,N,6/17/2021,CEVE,4,PRVI,1,ROGY,1,6,0.2,0.4,9,0,
,2017,46,2017_46,W,6/17/2021,BENE,7,CEVE,2,ROGY,1,12,0.3,0.3,10,10,
,2017,55,2017_55,N,6/16/2021,CEVE,3,PAMY,2,SPBE,1,6,0.1,0.2,15,25,
,2017,55,2017_55,E,6/16/2021,CEVE,20,SPBE,4,BENE,2,26,0.3,0.5,10,5,
,2017,55,2017_55,S,6/16/2021,BENE,6,ROGY,5,CEVE,5,20,0.3,0.5,4,3,
,2017,55,2017_55,W,6/16/2021,BEAQ,15,CEVE,6,SPBE,3,26,0.3,0.5,3,30,
,2017,23,2017_23,S,7/9/2021,RUID,5,SPBE,4,Salix,3,16,0.15,0.4,10,11,
,2017,23,2017_23,E,7/9/2021,SYAL,12,Salix,4,BENE,3,21,0.2,0.6,3,6,
,2017,23,2017_23,W,7/9/2021,SYAL,25,SPBE,5,HODI,4,37,0.2,0.5,6,12,
,2017,23,2017_23,N,7/9/2021,SYAL,20,RUPE,9,Salix,2,34,0.2,0.4,5,40,
,2017,24,2017_24,S,7/10/2021,CEVE,1,,,,,1,0.1,0.1,1,0,
,2017,24,2017_24,E,7/10/2021,CEVE,3,SPBE,2,,,5,0.2,0.6,10,0,
,2017,24,2017_24,W,7/10/2021,SPBE,7,,,,,7,0.2,0.3,4,8,
,2017,24,2017_24,N,7/10/2021,SPBE,7,ARUV,5,SYAL,2,16,0.2,0.5,5,75,
,2017,28,2017_28,N,7/10/2021,SPBE,2,CHUM,2,SYAL,1,5,0.1,0.3,3,7,
,2017,28,2017_28,W,7/10/2021,ROGY,5,SPBE,4,,,9,0.3,0.5,1,4,
,2017,28,2017_28,E,7/10/2021,SPBE,3,,,,,3,0.2,0.4,8,1,
,2017,28,2017_28,S,7/10/2021,SYAL,4,SPBE,3,ARUV,1,9,0.2,0.5,10,10,
,2017,31,2017_31,E,7/10/2021,BENE,3,RUID,1,SPBE,1,5,0.2,0.4,2,0,
,2017,31,2017_31,N,7/10/2021,SPBE,2,,,,,2,0.5,0.7,1,0,
,2017,31,2017_31,W,7/10/2021,SYAL,2,SPBE,1,CHUM,1,4,0.1,0.4,1,0,
,2017,31,2017_31,S,7/10/2021,SPBE,5,BENE,3,SYAL,1,10,0.2,0.5,3,0,
,2017,30,2017_30,E,7/11/2021,COCO,4,BEAQ,1,HODI,1,7,0.4,1.95,12,30,
,2017,30,2017_30,N,7/11/2021,ROAC,3,SPBE,2,SYAL,1,6,0.2,0.9,7,80,
,2017,30,2017_30,W,7/11/2021,SPBE,2,CEVE,1,,,3,0.3,0.5,5,6,
,2017,30,2017_30,S,7/11/2021,SPBE,3,COCO,2,SYAL,1,8,0.4,1.4,6,35,
,2017,3,2017_3,E,7/12/2021,VAME,25,VASC,16,ARUV,13,64,0.4,0.8,8,4,
,2017,3,2017_3,S,7/12/2021,VAOV,10,RUPE,8,,,18,0.6,0.8,3,0,
,2017,3,2017_3,N,7/12/2021,RUAR,8,VAME,3,PAMY,1,14,0.1,0.6,40,0,
,2017,3,2017_3,W,7/12/2021,VAOV,11,VAME,6,RUAR,3,21,0.3,0.9,50,1,
,2017,5,2017_5,W,7/12/2021,Salix,5,RIVI,4,VAME,1,10,0.2,0.4,11,9,
,2017,5,2017_5,S,7/12/2021,VAME,5,RIVI,4,Salix,2,14,0.6,0.8,2,5,
,2017,5,2017_5,N,7/12/2021,RIVI,6,VAME,2,SARA,2,12,0.3,0.6,9,5,
,2017,5,2017_5,E,7/12/2021,VAME,18,RIVI,9,CEVE,2,29,0.3,0.5,60,10,
,2017,40,2017_40,E,7/12/2021,SPBE,2,BEAQ,1,,2,3,0.2,0.3,10,27,
,2017,40,2017_40,W,7/12/2021,SPBE,2,ROGY,2,Salix,1,5,0.2,0.5,7,30,
,2017,40,2017_40,S,7/12/2021,ARUV,3,ROGY,2,BEAQ,1,7,0.1,0.4,2,5,
,2017,40,2017_40,N,7/12/2021,ROGY,3,SPBE,1,Salix,1,5,0.3,0.4,12,0,
,2017,22,2017_22,N,7/13/2021,BENE,1,Salix,1,,,2,0.3,0.6,1,0,
,2017,22,2017_22,E,7/13/2021,Salix,5,SPBE,3,ROGY,3,11,0.2,0.8,10,2,
,2017,22,2017_22,S,7/13/2021,COCO,25,Salix,17,SPBE,8,50,0.3,2.15,22,6,
,2017,22,2017_22,W,7/13/2021,SPBE,4,BENE,1,ROGY,1,6,0.1,0.3,2,1,
,2017,26,2017_26,S,7/13/2021,SPBE,8,SYAL,2,CEVE,1,11,0.3,0.6,1,1,
,2017,26,2017_26,W,7/13/2021,Salix,14,SPBE,12,,,26,0.6,1.1,33,0,
,2017,21,2017_21,W,7/14/2021,VAME,5,ROGY,2,SPBE,2,12,0.3,0.5,3,1,
,2017,21,2017_21,N,7/14/2021,SPBE,10,VAME,5,ROGY,2,23,0.4,0.8,2,1,
,2017,25,2017_25,W,7/14/2021,CEVE,6,SPBE,6,SYAL,2,14,0.4,0.5,2,50,
,2017,25,2017_25,S,7/14/2021,CEVE,5,SPBE,3,Salix,2,12,0.5,1.2,5,10,
,2017,25,2017_25,N,7/14/2021,Salix,4,CEVE,3,SPBE,3,15,0.4,1,33,17,
,2017,25,2017_25,E,7/14/2021,ROAC,5,SPBE,4,CEVE,3,14,0.5,0.9,5,7,
,2017,26,2017_26,E,7/13/2021,Salix,8,ROGY,2,SPBE,1,11,0.3,1.5,12,1,
,2017,26,2017_26,N,7/13/2021,CHUM,4,ROGY,3,SPBE,3,13,0.2,0.6,4,10,
,2017,21,2017_21,E,7/14/2021,SPBE,13,SYAL,7,ROGY,5,32,0.4,1.8,15,8,
,2017,21,2017_21,S,7/14/2021,VAME,25,SPBE,5,SYAL,5,46,0.4,0.8,8,20,
,2017,42,2017_42,E,7/15/2021,BENE,8,ROGY,3,SYAL,1,12,0.2,0.3,0,0,
,2017,42,2017_42,S,7/15/2021,ROGY,3,BENE,1,,,4,0.1,0.5,1,1,
,2017,42,2017_42,W,7/15/2021,ARUV,26,BENE,8,,,34,0.2,0.3,15,50,
,2017,33,2017_33,N,7/15/2021,COCO,16,ROGY,23,BENE,14,90,0.8,2.2,2,8,
,2017,33,2017_33,W,7/15/2021,SYAL,18,SPBE,16,RILA,10,55,0.3,0.8,7,8,
,2017,33,2017_33,S,7/15/2021,COCO,28,ROGY,12,SPBE,9,75,0.4,1.4,4,6,
,2017,33,2017_33,E,7/15/2021,SYAL,35,SPBE,6,BENE,7,56,0.3,0.8,8,4,
,2015,641,2015_641,S,8/6/2021,CEVE,6,BENE,2,SPBE,1,9,0.7,0.9,0.1,50,
,2015,641,2015_641,E,8/6/2021,BENE,16,SYAL,4,HODI,2,24,0.5,1,0,75,
,2015,641,2015_641,N,8/6/2021,ARUV,6,AMAL,5,BENE,3,14,0.1,1.5,0,11,
,2015,641,2015_641,W,8/6/2021,ARUV,80,AMAL,1,BENE,1,82,0.1,0.7,1,6,
,2015,1782,2015_1782,N,8/8/2021,none,0,,,,,0,0,0,27,65,
,2015,1782,2015_1782,E,8/8/2021,RIVI,11,Salix,13,PAMY,3,27,0.4,1.9,20,25,
,2015,1782,2015_1782,W,8/8/2021,Salix,12,,,,,12,2,2.2,6,11,
,2015,1782,2015_1782,S,8/8/2021,Salix,24,RIVI,7,,,31,1,2.6,35,8,
,2015,472,2015_472,S,8/9/2021,Salix,48,,,,,40,2.2,2.8,10,50,
,2015,472,2015_472,E,8/9/2021,none,0,,,,,0,0,0,12,80,
,2015,472,2015_472,N,8/9/2021,none,0,,,,,0,0,0,6,20,
,2015,472,2015_472,W,8/9/2021,ARUV,5,,,,,5,0.1,0.2,2,13,
,2015,1335,2015_1335,S,8/9/2021,Salix,25,SPBE,18,ARUV,1,44,0.6,0.9,40,0.1,
,2015,1335,2015_1335,W,8/9/2021,SPBE,23,Salix,8,ARUV,1,32,0.5,1.5,5,25,
,2015,1335,2015_1335,N,8/9/2021,none,0,,,,,0,0,0,1,0,
,2015,1335,2015_1335,E,8/9/2021,Salix,18,,,,,18,2,2.8,1,3,
,2015,189,2015_189,N,8/10/2021,Salix,17,RIVI,1,,,18,1.5,3,20,20,
,2015,189,2015_189,W,8/10/2021,Salix,25,,,,,25,1.3,3.5,29,12,
,2015,189,2015_189,S,8/10/2021,Salix,11,,,,,11,3.3,3.3,9,9,
,2015,189,2015_189,E,8/10/2021,none,0,,,,,0,0,0,3,15,
,2015,1827,2015_1827,E,8/10/2021,none,0,,,,,0,0,0,15,65,
,2015,1827,2015_1827,S,8/10/2021,none,0,,,,,0,0,0,10,12,
,2015,1827,2015_1827,N,8/10/2021,Salix,1,,,,,1,1.8,1.8,23,12,
,2015,1827,2015_1827,W,8/10/2021,none,0,,,,,0,0,0,14,4,
,2015,447,2015_447,S,8/10/2021,PAMY,1,,,,,1,0.2,0.2,6,10,
,2015,447,2015_447,W,8/10/2021,ARUV,5,PAMY,2,,,7,0.1,0.2,6,12,
,2015,447,2015_447,E,8/10/2021,PAMY,4,Salix,1,,,5,0.1,1,4,8,
,2015,447,2015_447,N,8/10/2021,Salix,6,PAMY,2,RIVI,1,9,0.1,0.8,1,1,
,2015,1888,2015_1888,W,8/11/2021,Salix,14,RILA,1,PAMY,1,17,0.7,1.5,75,0,
,2015,1888,2015_1888,N,8/11/2021,Salix,22,SPBE,1,RILA,1,24,0.5,0.8,36,0,
,2015,1888,2015_1888,S,8/11/2021,Salix,10,PAMY,2,,,12,0.4,1.5,20,0,
,2015,1888,2015_1888,E,8/11/2021,Salix,13,PAMY,8,,,21,0.4,2.5,6,0,
,2015,2352,2015_2352,S,7/23/2021,RUPA,15,Salix,16,RIVI,8,43,0.4,1.6,25,8,
,2015,2352,2015_2352,W,7/23/2021,CEVE,23,Salix,6,CEVE,2,33,0.6,1,5,12,
,2015,2352,2015_2352,N,7/23/2021,CEVE,16,ROGY,9,Salix,7,40,0.9,1.8,15,8,
,2015,2352,2015_2352,E,7/23/2021,RUPA,10,CEVE,8,Salix,6,26,0.8,1.7,23,6,
,2015,2344,2015_2344,E,7/23/2021,PHCA,40,SPBE,35,ACGL,6,86,0.6,1.9,6,0.1,
,2015,2344,2015_2344,S,7/23/2021,HODI,46,PHCA,22,CEVE,5,77,0.9,2.1,15,2,
,2015,2344,2015_2344,N,7/23/2021,PHCA,27,HODI,10,Salix,9,55,0.9,1.9,20,5,
,2015,2344,2015_2344,W,7/23/2021,Salix,6,PHCA,2,SYIA,1,9,0.2,0.5,1,0,
,2015,2314,2015_2314,N,7/24/2021,Salix,6,RIHU,2,ROGY,1,9,0.6,1.2,8,2,
,2015,2314,2015_2314,E,7/24/2021,Salix,75,PAMY,1,RIHU,1,77,1.3,2.1,14,0,
,2015,2314,2015_2314,S,7/24/2021,Salix,30,PHCA,12,CHUM,4,50,1.2,1.7,2,1,
,2015,2314,2015_2314,W,7/24/2021,Salix,4,PHCA,1,,,5,0.2,1.2,1,0,
,2015,2227,2015_2227,S,7/24/2021,RHAL,58,MEFE,36,RIGL,3,100,1,1.6,10,0,
,2015,2227,2015_2227,W,7/24/2021,SARA,15,MEFE,20,LOUT,5,75,0.7,1.7,25,0.1,
,2015,2227,2015_2227,N,7/24/2021,MEFE,34,VAOV,4,,,38,0.7,1.7,38,0,
,2015,2227,2015_2227,E,7/24/2021,SACA,12,RILA,8,,,20,1,1.2,18,0,
,2015,2328,2015_2328,S,7/26/2021,SARA,30,,,,,30,1.4,2.3,66,0,
,2015,2328,2015_2328,E,7/26/2021,RUPA,10,SARA,8,Salix,2,20,0.9,1.7,67,0,
,2015,2328,2015_2328,N,7/24/2021,SACA,8,RUPA,5,,,13,1.2,1.8,10,0,
,2015,2328,2015_2328,W,7/24/2021,VAME,5,,,,,5,1.3,1.5,22,0,
,2015,2313,2015_2313,N,7/27/2021,ROGY,1,SYAL,1,RUPA,1,4,0.2,0.4,5,0,
,2015,2313,2015_2313,W,7/27/2021,LIBO,7,ROGY,4,SYAL,1,12,0.1,0.3,13,0,
,2015,2313,2015_2313,E,7/27/2021,ROGY,7,SPBE,4,LIBO,4,15,0.2,0.5,2,2,
,2015,2313,2015_2313,S,7/27/2021,LIBO,18,SPBE,6,ROGY,4,28,0.1,0.6,25,0,
,2015,2318,2015_2318,S,7/27/2021,SYAL,9,BEAQ,12,SPBE,9,30,0.4,0.9,4,2,
,2015,2318,2015_2318,W,7/27/2021,BEAQ,15,CEVE,6,Salix,4,33,0.4,0.8,2,2,
,2015,2318,2015_2318,E,7/27/2021,VAOV,8,ROGY,3,CEVE,4,25,0.3,0.8,6,2,
,2015,2318,2015_2318,N,7/27/2021,SPBE,3,,,,,3,0.5,0.5,1,3,
,2015,2231,2015_2231,W,7/28/2021,Salix,11,CEVE,6,RUPA,3,24,0.8,1.7,2,0,
,2015,2231,2015_2231,S,7/28/2021,Salix,80,CEVE,5,RUPA,2,87,1.4,2,2,0,
,2015,2231,2015_2231,E,7/28/2021,VAME,7,Salix,4,CEVE,3,18,1,1.8,4,2,
,2015,2231,2015_2231,N,7/28/2021,LIBO,1,VAME,1,SPBE,1,3,0.1,0.4,0,0,
,2015,1833,2015_1833,N,8/16/2021,none,0,,,,,0,0,0,10,25,
,2015,1833,2015_1833,W,8/16/2021,CHUM,0.1,,,,,0.1,0.2,0.2,12,1,
,2015,1833,2015_1833,S,8/16/2021,COCO,9,SYAL,5,,,14,1,1.5,12,45,
,2015,1833,2015_1833,E,8/16/2021,COCO,50,,,,,50,1.8,3.2,6,22,
,2015,2086,2015_2086,S,8/17/2021,CHUM,2,,,,,2,0.1,0.2,9,8,
,2015,2086,2015_2086,E,8/17/2021,CHUM,3,Salix,1,,,4,0.1,0.4,20,2,
,2015,2086,2015_2086,W,8/17/2021,none,0,,,,,0,0,0,4,0,
,2015,2086,2015_2086,N,8/17/2021,COCO,1,,,,,1,0.6,0.6,20,0,
,2015,1556,2015_1556,S,8/17/2021,none,0,,,,,0,0,0,40,2,
,2015,1556,2015_1556,W,8/17/2021,none,0,,,,,0,0,0,70,4,
,2015,1556,2015_1556,N,8/17/2021,BEAQ,1,,,,,1,0.3,0.3,50,40,
,2015,1556,2015_1556,E,8/17/2021,Salix,1,,,,,1,0.8,0.8,26,70,
,2015,2082,2015_2082,S,8/18/2021,Salix,20,ROGY,8,SARA,1,29,1,2.1,15,10,
,2015,2082,2015_2082,W,8/18/2021,RIVI,5,PAMY,1,Salix,1,7,0.4,0.8,2,0.1,
,2015,2082,2015_2082,N,8/18/2021,Salix,25,ROGY,4,RIVI,2,31,2,2.5,5,0,
,2015,2082,2015_2082,E,8/18/2021,Salix,75,,,,,75,2,2.6,6,6,
,2015,2,2015_2,S,8/18/2021,CONU,5,COCO,8,SYAL,7,20,0.3,2.9,0,4,
,2015,2,2015_2,E,8/18/2021,RUUR,10,RUPU,1,SYAL,4,17,0.2,0.4,12,18,
,2015,2,2015_2,N,8/18/2021,ROGY,2,Salix,2,COCO,1,5,0.5,1,1,0,
,2015,2,2015_2,W,8/18/2021,COCO,4,HODI,2,SPBE,2,10,1,1.7,1,5,
,2015,3,2015_3,S,8/19/2021,HODI,1,RONU,1,Salix,1,3,0.5,0.7,1,80,
,2015,3,2015_3,W,8/19/2021,COCO,2,,,,,2,0.5,1.2,30,10,
,2015,3,2015_3,N,8/19/2021,none,0,,,,,0,0,0,0,80,
,2015,3,2015_3,E,8/19/2021,none,0,,,,,0,0,0,1,85,
,2017,444,2017_444,W,8/24/2021,ARUV,2,CEVE,0.1,,,2,0.1,0.1,0.1,3,
,2017,444,2017_444,N,8/24/2021,SPBE,3,CEVE,1,,,4,0.5,0.8,0.1,10,
,2017,444,2017_444,S,8/24/2021,SPBE,2,,,,,2,0.2,0.2,3,2,
,2017,444,2017_444,E,8/24/2021,none,0,,,,,0,0,0,1,0,
,2017,555,2017_555,N,8/24/2021,BEAQ,7,SPBE,4,,,11,0.3,0.4,2,4,
,2017,555,2017_555,W,8/24/2021,SYAL,15,BEAQ,6,HODI,3,24,0.4,0.6,5,4,
,2017,555,2017_555,S,8/24/2021,SPBE,7,RUID,1,Salix,1,9,0.3,0.3,10,20,
,2017,555,2017_555,E,8/24/2021,SPBE,3,CEVE,1,,,4,0.2,0.3,7,11,
,2017,6,2017_6,S,8/24/2021,CEVE,0.1,,,,,0.1,0.1,0.1,0.1,6,
,2017,6,2017_6,W,8/24/2021,PAMY,1,,,,,1,0.1,0.1,0,0,
,2017,6,2017_6,N,8/24/2021,PAMY,1,,,,,1,0.1,0.2,1,2,
,2017,6,2017_6,E,8/24/2021,ARUV,1,,,,,1,0.1,0.1,1,3,
,2017,7,2017_7,S,8/25/2021,Salix,16,CEVE,3,,,19,0.9,1.4,9,12,
,2017,7,2017_7,W,8/25/2021,Salix,2,,,,,2,0.9,1.1,12,2,
,2017,7,2017_7,N,8/25/2021,BENE,1,Salix,1,CEVE,1,3,0.4,0.5,5,0,
,2017,7,2017_7,E,8/25/2021,SPBE,9,Salix,4,CEVE,3,16,0.8,1,12,0,
,2017,8,2017_8,N,8/25/2021,CEVE,1,,,,,1,0.1,0.1,2,4,
,2017,8,2017_8,E,8/25/2021,ARUV,0.1,SPBE,0.1,,0.1,0.3,0.1,0.1,3,9,
,2017,8,2017_8,S,8/25/2021,ARUV,3,SPBE,1,,,4,0.1,0.3,0,0,
,2017,8,2017_8,W,8/25/2021,ARUV,4,,,,,4,0.1,0.1,1,0,
,2017,9,2017_9,N,8/25/2021,ARUV,8,CEVE,1,,,9,0.1,0.3,2,20,
,2017,9,2017_9,W,8/25/2021,CEVE,3,ARUV,1,,,4,0.2,0.5,2,15,
,2017,9,2017_9,S,8/25/2021,CEVE,1,,,,,1,0.1,0.1,1,80,
,2017,9,2017_9,E,8/25/2021,CEVE,1,,,,,1,0.2,0.2,0,75,
,2017,10,2017_10,E,8/26/2021,SPBE,12,AMAL,3,SYAL,3,18,0.3,0.6,2,4,
,2017,10,2017_10,N,8/26/2021,SPBE,11,ROGY,2,CEVE,1,14,0.2,0.7,0.1,15,
,2017,10,2017_10,S,8/26/2021,SPBE,2,BENE,1,,,3,0.1,0.2,1,2,
,2017,10,2017_10,W,8/26/2021,SPBE,3,ROGY,2,ARUV,1,6,0.2,0.4,1,3,
,2017,62,2017_62,N,9/3/2021,Salix,7,RIVI,1,,,8,0.7,1.1,20,0,
,2017,62,2017_62,E,9/3/2021,RUID,9,Salix,5,RUPA,5,20,0.4,1.2,6,8,
,2017,62,2017_62,S,9/3/2021,Salix,2,,,,,2,1,1,6,0,
,2017,62,2017_62,W,9/3/2021,LIBO,14,RUID,6,CHUM,3,30,0.1,1.3,3,0,
,2017,61,2017_61,W,9/3/2021,LIBO,30,RUID,12,RUPA,8,60,0.6,1.2,4,0,
,2017,61,2017_61,N,9/3/2021,Salix,22,AMAL,5,PAMY,0.1,27,0.8,1.2,18,0,
,2017,61,2017_61,E,9/3/2021,Salix,5,,,,,5,1,1.2,15,3,
,2017,61,2017_61,S,9/3/2021,RUID,3,,,,,3,1,1.2,0,0,
,2017,64,2017_64,S,9/3/2021,Salix,3,RUPA,1,,,4,0.5,0.9,17,0,
,2017,64,2017_64,W,9/3/2021,Salix,2,,,,,2,0.3,0.6,1,0,
,2017,64,2017_64,N,9/3/2021,Salix,5,,,,,5,1,1.2,15,3,
,2017,64,2017_64,E,9/3/2021,Salix,3,,,,,3,0.5,0.5,13,0,
,2017,59,2017_59,W,9/4/2021,Salix,30,,,,,30,1.2,1.7,20,0,
,2017,59,2017_59,N,9/4/2021,Salix,20,,,,,20,1.1,1.7,16,1,
,2017,59,2017_59,S,9/4/2021,Salix,9,,,,,9,0.8,1.2,1,0,
,2017,59,2017_59,E,9/4/2021,Salix,11,,,,,11,0.9,1.4,1,0,
,2017,63,2017_63,N,9/4/2021,Salix,5,SPBE,1,CEVE,0.1,6,0.4,1.3,10,8,
,2017,63,2017_63,W,9/4/2021,SPBE,5,Salix,1,VAOV,1,7,0.3,0.6,5,75,
,2017,63,2017_63,S,9/4/2021,SPBE,6,Salix,1,PHMA,1,8,0.5,0.8,1,23,
,2017,63,2017_63,E,9/4/2021,Salix,3,ROGY,2,RUPA,1,6,0.8,1.2,8,10,
,2017,11,2017_11,S,9/5/2021,LIBO,22,PAMY,7,RUPA,5,38,0.2,0.4,2,12,
,2017,11,2017_11,E,9/5/2021,PAMY,42,ROGY,30,SPBE,4,76,0.5,1.4,0,8,
,2017,11,2017_11,N,9/5/2021,RUPA,3,RUID,1,PAMY,1,5,0.3,0.5,0,1,
,2017,11,2017_11,W,9/5/2021,RUPA,8,SPBE,7,Salix,3,18,0.6,1.2,2,3,
,2017,12,2017_12,N,9/5/2021,none,0,,,,,0,0,0,0,0.1,
,2017,12,2017_12,W,9/5/2021,none,0,,,,,0,0,0,0.1,0,
,2017,12,2017_12,S,9/5/2021,LOBI,3,,,,,3,0.05,0.1,0,0,
,2017,12,2017_12,E,9/5/2021,RUID,1,,,,,1,0.1,0.1,0,0,
,2017,13,2017_13,N,9/6/2021,SPBE,7,PAMY,5,Salix,3,19,0.3,0.6,4,5,
,2017,13,2017_13,W,9/6/2021,SPBE,20,LOBI,7,RUPA,1,29,0.3,0.5,2,3,
,2017,13,2017_13,S,9/6/2021,LOBI,13,VAME,3,RUPA,1,21,0.1,0.3,1,0,
,2017,13,2017_13,E,9/6/2021,SPBE,4,LOBI,4,Salix,2,14,0.2,0.8,2,0,
,2017,60,2017_60,N,9/6/2021,RUID,5,RUPA,2,RILA,2,9,0.4,0.7,4,3,
,2017,60,2017_60,E,9/6/2021,RUID,20,,,,,20,0.4,0.9,6,0,
,2017,60,2017_60,S,9/6/2021,RUID,6,,,,,6,0.5,0.7,1,0,
,2017,60,2017_60,W,9/6/2021,none,0,,,,,0,0,0,0,0,
,2017,14,2017_14,S,9/6/2021,Salix,26,,,,,26,1.1,1.6,15,0,
,2017,14,2017_14,W,9/6/2021,Salix,30,RUPA,15,,,45,1,2,8,2,
,2017,14,2017_14,N,9/6/2021,Salix,4,RUPA,4,RUID,2,14,1,1.6,2,3,
,2017,14,2017_14,E,9/6/2021,Salix,11,,,,,11,1.1,1.9,10,0,
,2017,15,2017_15,W,9/7/2021,Salix,28,RUPA,1,,,29,0.8,1.3,16,0,
,2017,15,2017_15,S,9/7/2021,Salix,20,,,,,20,0.8,1.2,15,0,
,2017,15,2017_15,N,9/7/2021,Salix,10,,,,,10,1.4,1.6,1,0,
,2017,15,2017_15,E,9/7/2021,Salix,13,,,,,13,1.3,1.5,1,0,
,2017,16,2017_16,S,9/7/2021,Salix,20,,,,,20,1,1.6,14,0,
,2017,16,2017_16,E,9/7/2021,Salix,18,,,,,18,0.8,1.6,16,0,
,2017,16,2017_16,N,9/7/2021,Salix,4,,,,,4,0.8,1,2,0,
,2017,16,2017_16,W,9/7/2021,Salix,10,,,,,10,1.5,1.6,2,0,
,2017,17,2017_17,N,9/7/2021,RUPA,4,Acer,1,PRVI,1,6,0.4,0.6,4,0.1,
,2017,17,2017_17,W,9/7/2021,BEAQ,2,ROGY,1,Salix,1,4,0.2,2.6,0.1,0.1,
,2017,17,2017_17,S,9/7/2021,BEAQ,4,LOBI,3,SPBE,2,12,0.2,0.5,0,0,
,2017,17,2017_17,E,9/7/2021,ACGL,3,PRVI,2,PAMY,1,9,0.5,1.35,0,0,
,2015,18,2015_18,S,9/17/2021,Salix,1,PAMY,0.1,,,1.1,0.2,0.9,24,8,
,2015,18,2015_18,W,9/17/2021,Salix,9,,,,,9,0.7,1.3,22,0,
,2015,18,2015_18,N,9/17/2021,PAMY,6,RINE,2,Salix,2,10,0.3,0.5,2,0,
,2015,18,2015_18,E,9/17/2021,RINE,1,,,,,1,0.2,0.2,80,0,
,2015,140,2015_140,N,9/17/2021,PAMY,9,,,,,9,0.3,0.3,0.1,0,
,2015,140,2015_140,E,9/17/2021,RILA,0.1,RHPU,1,,,1.1,0.1,0.5,0,0,
,2015,140,2015_140,S,9/17/2021,Ribes,1,,,,,1,0.1,0.1,1,0,
,2015,140,2015_140,W,9/17/2021,PAMY,2,,,,,2,0.2,0.4,1,0,
,2015,19,2015_19,S,9/17/2021,PAMY,13,Ribes,8,,,21,0.3,0.6,3,0,
,2015,19,2015_19,W,9/17/2021,RILA,0.1,,,,,0.1,0.2,0.2,7,1,
,2015,19,2015_19,N,9/17/2021,PAMY,1,,,,,1,0.2,0.2,0,0,
,2015,19,2015_19,E,9/17/2021,RUID,25,,,,,25,0.5,0.7,20,0,
,2015,20,2015_20,N,9/20/2021,Salix,9,LOBI,4,RUPA,2,17,0.4,1.3,6,1,
,2015,20,2015_20,W,9/20/2021,ACGL,8,RUID,8,SARA,4,30,0.9,3,20,0,
,2015,20,2015_20,S,9/20/2021,RUPA,2,ACGL,1,,,3,0.7,0.9,1,0,
,2015,20,2015_20,E,9/20/2021,RUPA,5,Salix,4,ACGL,2,11,0.3,1.8,2,1,
,2015,21,2015_21,N,9/20/2021,RUPA,18,LOBI,1,,,19,0.7,1.4,9,0,
,2015,21,2015_21,W,9/20/2021,RUPA,6,LOBI,4,,,10,0.3,1.3,5,0,
,2015,21,2015_21,S,9/20/2021,none,0,,,,,0,0,0,0,0,
,2015,21,2015_21,E,9/20/2021,PAMY,1,,,,,1,0.5,0.5,0,0,
,2015,22,2015_22,S,9/21/2021,CEVE,60,Salix,9,RUPA,7,78,1.4,2.7,3,6,
,2015,22,2015_22,W,9/21/2021,Salix,19,CEVE,10,RUPA,3,34,1.2,2.9,11,4,
,2015,22,2015_22,N,9/21/2021,CEVE,50,Salix,20,RUPA,10,95,1.9,2.4,10,10,
,2015,22,2015_22,E,9/21/2021,CEVE,50,Salix,30,SPBE,10,95,1.8,2.5,10,5,
,2015,2293,2015_2293,N,9/21/2021,CEVE,15,ROGY,7,Salix,3,25,0.6,1.5,6,26,
,2015,2293,2015_2293,W,9/21/2021,CEVE,21,BEAQ,3,PAMY,1,25,0.6,1.3,8,15,
,2015,2293,2015_2293,E,9/21/2021,CEVE,11,HODI,10,BEAQ,6,35,0.7,2.3,2,15,
,2015,2293,2015_2293,S,9/21/2021,CEVE,15,BEAQ,4,,,19,0.6,1.1,3,50,
,2015,23,2015_23,N,9/22/2021,Ribes,1,SYAL,1,PAMY,1,4,0.1,0.1,3,0,
,2015,23,2015_23,E,9/22/2021,Ribes,6,RUPA,5,RUID,5,19,0.6,0.9,6,0,
,2015,23,2015_23,S,9/22/2021,PAMY,1,,,,,1,0.1,0.1,0,0,
,2015,23,2015_23,W,9/22/2021,LIBO,1,PAMY,1,RICE,1,3,0.05,0.05,1,1,
,2015,24,2015_24,S,9/22/2021,Salix,25,CEVE,9,Ribes,4,44,0.8,1.6,13,5,
,2015,24,2015_24,E,9/22/2021,CEVE,21,RUPA,8,Salix,3,34,0.7,1.5,10,8,
,2015,24,2015_24,N,9/22/2021,CEVE,40,RUPA,16,Ribes,10,80,1.5,1.8,5,8,
,2015,24,2015_24,W,9/22/2021,CEVE,5,Ribes,4,Salix,3,22,1,1.6,4,1,
